trade_id,timestamp,symbol,action,quantity,price,value,realized_pnl,realized_pnl_pct,is_winner,is_loser,portfolio_value_before,portfolio_value_after
1,2020-01-01 00:00:00+00:00,ALGO,BUY,36373.88800070245,0.2199379950761795,8000.0,,,,,100000.0,100000.0
2,2020-01-01 00:00:00+00:00,ATOM,BUY,1826.4181556494946,4.380157947540283,8000.0,,,,,100000.0,100000.0
3,2020-01-01 00:00:00+00:00,BTC,BUY,1.1110842110824004,7200.17431640625,8000.0,,,,,100000.0,100000.0
4,2020-01-01 00:00:00+00:00,DOGE,BUY,3935071.103588558,0.00203300011344254,8000.0,,,,,100000.0,100000.0
5,2020-01-01 00:00:00+00:00,FIL,BUY,2080.8839097044197,3.844520092010498,8000.000000000001,,,,,100000.0,100000.0
6,2020-01-01 00:00:00+00:00,LINK,BUY,4428.10956902897,1.8066400289535522,8000.000000000001,,,,,100000.0,100000.0
7,2020-01-01 00:00:00+00:00,LTC,BUY,190.395864868862,42.01771926879883,8000.0,,,,,100000.0,100000.0
8,2020-01-01 00:00:00+00:00,TRX,BUY,603773.5920353011,0.013249999843537807,8000.0,,,,,100000.0,100000.0
9,2020-01-01 00:00:00+00:00,UNI,BUY,2961353.0996399615,0.0025859999004751444,7658.058820940701,,,,,100000.0,100000.0
10,2020-01-01 00:00:00+00:00,VET,BUY,1490590.6127649494,0.005367000121623278,8000.0,,,,,100000.0,100000.0
11,2020-01-01 00:00:00+00:00,XLM,BUY,171099.71992127053,0.045451000332832336,7776.653427089186,,,,,100000.0,100000.0
12,2020-01-01 00:00:00+00:00,XRP,BUY,41522.41790660608,0.19266700744628906,8000.0,,,,,100000.0,100000.0
13,2020-01-01 23:00:00+00:00,AIR,BUY,34.76310121691854,124.75939178466797,4337.023364371608,,,,,100000.0,100000.0
14,2020-01-02 00:00:00+00:00,ATOM,SELL,1826.4181556494946,4.0918169021606445,7473.368679699673,-526.6313203003274,-6.582891503754093,False,True,98353.91984656427,99473.36867969968
15,2020-01-02 00:00:00+00:00,FIL,SELL,2080.8839097044197,4.459174156188965,9279.0237521834,1279.0237521833997,15.987796902292494,True,False,98353.91984656427,100752.39243188307
16,2020-01-02 00:00:00+00:00,LTC,SELL,190.395864868862,39.82301330566406,7582.137060016108,-417.8629399838919,-5.223286749798649,False,True,98353.91984656427,100334.52949189919
17,2020-01-02 00:00:00+00:00,MATIC,BUY,537049.6088672627,0.014650999568402767,7868.313587725141,,,,,98353.91984656427,100334.52949189919
18,2020-01-02 00:00:00+00:00,VET,SELL,1490590.6127649494,0.005096999928355217,7597.540246469906,-402.4597535300936,-5.0307469191261704,False,True,98353.91984656427,99932.06973836909
19,2020-01-02 05:00:00+00:00,ADBE,BUY,23.905049649120414,334.42999267578125,7994.565579069527,,,,,99932.06973836909,99932.06973836909
20,2020-01-02 05:00:00+00:00,AMD,BUY,162.82211461336777,49.099998474121094,7994.565579069527,,,,,99932.06973836909,99932.06973836909
21,2020-01-02 05:00:00+00:00,AMZN,BUY,83.11594906416738,94.90049743652344,7887.744911098229,,,,,99932.06973836909,99932.06973836909
22,2020-01-02 05:00:00+00:00,CRM,BUY,2.390437507751384,164.98538208007812,394.3872455549118,,,,,99932.06973836909,99932.06973836909
23,2020-01-02 05:00:00+00:00,GLD,BUY,0.13698758385410595,143.9499969482422,19.71936227774562,,,,,99932.06973836909,99932.06973836909
24,2020-01-02 05:00:00+00:00,GOOGL,BUY,0.014516438626998548,67.9207992553711,0.9859681138872831,,,,,99932.06973836909,99932.06973836909
25,2020-01-03 00:00:00+00:00,ADA,BUY,1.442317293220195,0.03418000042438507,0.049298405694364195,,,,,103454.79522616023,99932.06973836909
26,2020-01-03 00:00:00+00:00,UNI,SELL,2961353.0996399615,0.0033319999929517508,9867.228507127997,2209.169686187296,28.847645830904263,True,False,103454.79522616023,102141.23942455638
27,2020-01-03 00:00:00+00:00,VET,BUY,1551046.3707724423,0.005336000118404627,8276.38361809282,,,,,103454.79522616023,102141.23942455639
28,2020-01-03 05:00:00+00:00,EEM,BUY,38.413795571417104,39.342769622802734,1511.305109503703,,,,,101899.767520846,102141.23942455639
29,2020-01-03 05:00:00+00:00,INTC,BUY,1.4253905099561204,53.01372146606445,75.56525547518534,,,,,101899.767520846,102141.23942455639
30,2020-01-03 05:00:00+00:00,IWM,BUY,0.02467785863983748,153.1033477783203,3.778262773759264,,,,,101899.767520846,102141.23942455639
31,2020-01-03 05:00:00+00:00,NVDA,BUY,0.032152666871431194,5.875504493713379,0.18891313868796328,,,,,101899.767520846,102141.23942455638
32,2020-01-04 00:00:00+00:00,DOGE,SELL,3935071.103588558,0.0022410000674426556,8818.494608533603,818.4946085336032,10.23118260667004,True,False,105003.41335682472,102959.73403308999
33,2020-01-04 00:00:00+00:00,ETC,BUY,1772.3417566947594,4.726841926574707,8377.579323763857,,,,,105003.41335682472,102959.73403308999
34,2020-01-04 00:00:00+00:00,ETH,BUY,3.1012136739939837,135.06936645507812,418.8789661881926,,,,,105003.41335682472,102959.73403308998
35,2020-01-04 00:00:00+00:00,FIL,BUY,6.40340839754945,3.270750045776367,20.943948309409638,,,,,105003.41335682472,102959.73403308999
36,2020-01-05 00:00:00+00:00,DOGE,BUY,432.90508651708006,0.0024190000258386135,1.047197415470484,,,,,104682.21648857149,102959.73403308999
37,2020-01-05 00:00:00+00:00,UNI,BUY,15.597221193281204,0.0033569999504834414,0.05235987077352428,,,,,104682.21648857149,102959.73403309
38,2020-01-06 00:00:00+00:00,ALGO,SELL,36373.88800070245,0.24214500188827515,8807.755178614003,807.755178614003,10.096939732675036,True,False,109308.15503820709,103767.489211704
39,2020-01-06 00:00:00+00:00,ATOM,BUY,2038.3650618560139,4.1049418449401855,8367.370037676841,,,,,109308.15503820709,103767.489211704
40,2020-01-06 00:00:00+00:00,FIL,SELL,6.40340839754945,3.7768590450286865,24.184770925297286,3.240822615887648,15.473790175616603,True,False,109308.15503820709,103770.73003431989
41,2020-01-06 00:00:00+00:00,XRP,SELL,41522.41790660608,0.22150999307632446,9197.630503004564,1197.6305030045642,14.970381287557052,True,False,109308.15503820709,104968.36053732445
42,2020-01-06 05:00:00+00:00,AAPL,BUY,114.13818706324646,72.26792907714844,8248.530407680997,,,,,104867.62500605865,104968.36053732445
43,2020-01-06 05:00:00+00:00,ASML,BUY,4.802125040141546,279.66558837890625,1342.9891248202644,,,,,104867.62500605865,104968.36053732445
44,2020-01-06 05:00:00+00:00,EFA,BUY,1.155050998259445,58.13549041748047,67.14945624101321,,,,,104867.62500605865,104968.36053732445
45,2020-01-06 05:00:00+00:00,IBM,BUY,0.03409383241846936,98.47742462158203,3.3574728120506663,,,,,104867.62500605865,104968.36053732445
46,2020-01-07 00:00:00+00:00,ALGO,BUY,0.7269460018506455,0.23093000054359436,0.16787364060253332,,,,,109663.2498970762,104968.36053732445
47,2020-01-07 00:00:00+00:00,BTC,SELL,1.1110842110824004,8163.6923828125,9070.549710676629,1070.5497106766288,13.381871383457861,True,False,109663.2498970762,106038.91024800108
48,2020-01-07 00:00:00+00:00,FIL,BUY,1876.4494119623937,4.592199802398682,8617.030618824827,,,,,109663.2498970762,106038.91024800108
49,2020-01-07 00:00:00+00:00,LINK,SELL,4428.10956902897,2.114098072052002,9361.457902719167,1361.4579027191658,17.01822378398957,True,False,109663.2498970762,107400.36815072023
50,2020-01-07 00:00:00+00:00,XRP,BUY,41011.51337381047,0.21391700208187103,8773.059991766097,,,,,109663.2498970762,107400.36815072024
51,2020-01-07 05:00:00+00:00,META,BUY,4.6782306630618375,211.58203125,989.8295463466579,,,,,107265.1645097344,107400.36815072026
52,2020-01-07 05:00:00+00:00,MSFT,BUY,0.33153773616890403,149.278564453125,49.491477317332894,,,,,107265.1645097344,107400.36815072024
53,2020-01-07 05:00:00+00:00,ORCL,BUY,0.049978041801133875,49.513221740722656,2.4745738658666476,,,,,107265.1645097344,107400.36815072026
54,2020-01-08 00:00:00+00:00,DOGE,SELL,432.90508651708006,0.0022929999977350235,0.9926513624031448,-0.05454605306733917,-5.208765058194187,False,True,108271.46398498138,107400.31360466717
55,2020-01-08 00:00:00+00:00,FIL,SELL,1876.4494119623937,4.206837177276611,7893.917147522234,-723.1134713025931,-8.39167809991152,False,True,108271.46398498138,106677.20013336459
56,2020-01-08 00:00:00+00:00,LINK,BUY,3434.8176131629903,2.183605909347534,7500.288037633698,,,,,108271.46398498138,106677.20013336459
57,2020-01-08 05:00:00+00:00,NFLX,BUY,11.053894251819342,33.92599868774414,375.0144018816855,,,,,106687.83264148916,106677.20013336459
58,2020-01-08 05:00:00+00:00,QQQ,BUY,0.08948709667802902,209.53546142578125,18.750720094084308,,,,,106687.83264148916,106677.20013336459
59,2020-01-08 05:00:00+00:00,SHEL,BUY,0.020061252253472397,46.733673095703125,0.9375360047042167,,,,,106687.83264148916,106677.20013336459
60,2020-01-09 00:00:00+00:00,DOGE,BUY,20.778723979818455,0.0022559999488294125,0.04687680023521092,,,,,108248.36244133982,106677.20013336459
61,2020-01-09 00:00:00+00:00,ETC,SELL,1772.3417566947594,5.212575912475586,9238.465949621768,860.886625857911,10.27607847789538,True,False,108248.36244133982,107538.0867592225
62,2020-01-09 00:00:00+00:00,UNI,SELL,15.597221193281204,0.0037700000684708357,0.058801524966624906,0.006441654193100624,12.302654872780625,True,False,108248.36244133982,107538.09320087668
63,2020-01-09 05:00:00+00:00,SAP,BUY,69.48291533326862,124.38822937011719,8642.85680977905,,,,,108035.71012223812,107538.09320087668
64,2020-01-09 05:00:00+00:00,SPY,BUY,1.8905112766616077,299.330078125,565.8868881393125,,,,,108035.71012223812,107538.09320087667
65,2020-01-09 05:00:00+00:00,TSLA,BUY,0.8817367683147447,32.089332580566406,28.29434440696567,,,,,108035.71012223812,107538.09320087667
66,2020-01-09 05:00:00+00:00,UBER,BUY,0.04164607505183371,33.970001220703125,1.414717220348285,,,,,108035.71012223812,107538.09320087668
67,2020-01-10 00:00:00+00:00,ETC,BUY,0.01325696899120449,5.33574914932251,0.07073586101741425,,,,,109236.3172648793,107538.09320087668
68,2020-01-10 00:00:00+00:00,TRX,SELL,603773.5920353011,0.014613999985158443,8823.547265042951,823.547265042951,10.294340813036888,True,False,109236.3172648793,108361.64046591964
69,2020-01-10 05:00:00+00:00,ROKU,BUY,65.28328533521345,128.39999389648438,8382.373438583854,,,,,108623.90368110202,108361.64046591964
70,2020-01-10 05:00:00+00:00,TTE,BUY,10.906016418586502,38.4300422668457,419.11867192919243,,,,,108623.90368110202,108361.64046591963
71,2020-01-10 05:00:00+00:00,USO,BUY,0.2110791081197075,99.27999877929688,20.955933596459634,,,,,108623.90368110202,108361.64046591963
72,2020-01-10 05:00:00+00:00,ZM,BUY,0.014335705737062571,73.08999633789062,1.047796679822981,,,,,108623.90368110202,108361.64046591963
73,2020-01-11 00:00:00+00:00,FIL,BUY,0.012935343574703983,4.050130844116211,0.05238983399114905,,,,,109746.43753497845,108361.64046591963
74,2020-01-11 00:00:00+00:00,TRX,BUY,0.17924536076486466,0.014613999985158443,0.002619491699557452,,,,,109746.43753497845,108361.64046591961
75,2020-01-11 00:00:00+00:00,UNI,BUY,0.04448864880148664,0.0029440000653266907,0.00013097458497787287,,,,,109746.43753497845,108361.64046591963
76,2020-01-12 00:00:00+00:00,ADA,SELL,1.442317293220195,0.037689998745918274,0.05436093697268539,0.0050625312783211945,10.269158215191418,True,False,110000.00877008794,108361.6455284509
77,2020-01-13 00:00:00+00:00,ADA,BUY,1.397214716209861,0.036965999752283096,0.05164943885330001,,,,,109765.88649585603,108361.6455284509
78,2020-01-13 00:00:00+00:00,UNI,SELL,0.04448864880148664,0.003527000080794096,0.00015691146791726353,2.5936882939390658e-05,19.802989216398352,True,False,109765.88649585603,108361.64555438778
79,2020-01-13 05:00:00+00:00,CRM,SELL,2.390437507751384,181.64300537109375,434.2062530597486,39.819007504836804,10.096423744335484,True,False,109612.78227099209,108401.46456189263
80,2020-01-13 06:00:00+00:00,VIX,BUY,33.4820358898137,12.319999694824219,412.49867194459836,,,,,108401.46456189263,108401.46456189263
81,2020-01-13 23:00:00+00:00,ROG,BUY,0.0789824045645523,261.1332702636719,20.62493359722991,,,,,108452.78676211221,108401.46456189263
82,2020-01-14 00:00:00+00:00,ADA,SELL,1.397214716209861,0.04165999963879585,0.058207964572623054,0.006558525719323041,12.698154839496384,True,False,113703.81123803023,108401.47112041834
83,2020-01-14 00:00:00+00:00,ATOM,SELL,2038.3650618560139,4.539907932281494,9253.989713205576,886.6196755287347,10.596157114319523,True,False,113703.81123803023,109288.09079594708
84,2020-01-14 00:00:00+00:00,ETC,SELL,0.01325696899120449,6.8097381591796875,0.09027648761446706,0.019540626597052815,27.62478086220251,True,False,113703.81123803023,109288.11033657366
85,2020-01-14 00:00:00+00:00,ETH,SELL,3.1012136739939837,165.95535278320312,514.6630093237651,95.78404313557252,22.86675886526586,True,False,113703.81123803023,109383.89437970925
86,2020-01-14 00:00:00+00:00,LTC,BUY,155.5502685342663,58.478233337402344,9096.30489904242,,,,,113703.81123803023,109383.89437970925
87,2020-01-14 00:00:00+00:00,TRX,SELL,0.17924536076486466,0.016720000654459,0.0029969825492972765,0.00037749084973982437,14.41084351607601,True,False,113703.81123803023,109383.89475720012
88,2020-01-14 00:00:00+00:00,UNI,BUY,186289.8316403553,0.003435000078752637,639.9055863554358,,,,,113703.81123803023,109383.8947572001
89,2020-01-14 00:00:00+00:00,VET,SELL,1551046.3707724423,0.006006000097841024,9315.584654615255,1039.201036522436,12.556221225060927,True,False,113703.81123803023,110423.09579372255
90,2020-01-14 00:00:00+00:00,XLM,SELL,171099.71992127053,0.052115000784397125,8916.862037907142,1140.2086108179556,14.661944517755595,True,False,113703.81123803023,111563.30440454051
91,2020-01-14 05:00:00+00:00,CRM,BUY,49.942680761543144,179.9337615966797,8986.374413646585,,,,,112329.68017058232,111563.30440454051
92,2020-01-14 05:00:00+00:00,PYPL,BUY,73.83332648683917,114.37559509277344,8444.730654611261,,,,,112329.68017058232,111563.30440454051
93,2020-01-14 05:00:00+00:00,TLT,BUY,6.812249228449439,116.44756317138672,793.2698223690966,,,,,112329.68017058232,111563.30440454051
94,2020-01-14 05:00:00+00:00,TSLA,SELL,0.8817367683147447,35.861331939697266,31.620254931971,3.3259105250053302,11.754683116766394,True,False,112329.68017058232,111566.63031506551
95,2020-01-14 23:00:00+00:00,NESN,BUY,0.7934200066435564,87.85099029541016,69.70273330382733,,,,,111590.81648440809,111566.63031506551
96,2020-01-15 00:00:00+00:00,ATOM,BUY,0.7629632438358834,4.567895889282227,3.485136665191365,,,,,113988.27856907771,111566.63031506551
97,2020-01-15 00:00:00+00:00,FIL,SELL,0.012935343574703983,3.3348031044006348,0.04313682390941165,-0.0092530100817374,-17.6618427218163,False,True,113988.27856907771,111566.62106205542
98,2020-01-15 00:00:00+00:00,LINK,SELL,3434.8176131629903,2.4049770832061768,8260.657644649931,760.3696070162332,10.137872081725089,True,False,113988.27856907771,112326.99066907166
99,2020-01-15 00:00:00+00:00,MATIC,SELL,537049.6088672627,0.016367999836802483,8790.427910294193,922.1143225690521,11.71933874124672,True,False,113988.27856907771,113249.1049916407
100,2020-01-15 00:00:00+00:00,VET,BUY,1519084.2121086102,0.006002999842166901,9119.062285526217,,,,,113988.27856907771,113249.1049916407
101,2020-01-15 00:00:00+00:00,XLM,BUY,137539.24044269216,0.05478899925947189,7535.637342762987,,,,,113988.27856907771,113249.1049916407
102,2020-01-15 05:00:00+00:00,TSLA,BUY,10.900150768361318,34.56666564941406,376.78186713814944,,,,,113797.7447796038,113249.10499164072
103,2020-01-15 05:00:00+00:00,VTI,BUY,0.12327050777827703,152.82725524902344,18.839093356907473,,,,,113797.7447796038,113249.1049916407
104,2020-01-16 00:00:00+00:00,ATOM,SELL,0.7629632438358834,5.0763020515441895,3.873031879936905,0.3878952147455399,11.129985765543603,True,False,113451.05599398242,113249.49288685546
105,2020-01-16 00:00:00+00:00,ETC,BUY,0.5516217916304877,8.377723693847656,4.621334953785432,,,,,113451.05599398242,113249.49288685546
106,2020-01-16 00:00:00+00:00,TRX,BUY,13.497678092915667,0.017118999734520912,0.23106674768927205,,,,,113451.05599398242,113249.49288685546
107,2020-01-17 00:00:00+00:00,ADA,BUY,0.2568664086224124,0.04497800022363663,0.011553337384463602,,,,,115976.03625284942,113249.49288685546
108,2020-01-17 00:00:00+00:00,ALGO,SELL,0.7269460018506455,0.26248401403427124,0.1908117045519222,0.02293806394938888,13.663886639414866,True,False,115976.03625284942,113249.5158249194
109,2020-01-17 00:00:00+00:00,ATOM,BUY,0.03636102914362142,5.001200199127197,0.18184878619354927,,,,,115976.03625284942,113249.5158249194
110,2020-01-17 00:00:00+00:00,DOGE,SELL,20.778723979818455,0.0024900001008063555,0.05173902480437539,0.004862224569164464,10.37234739736409,True,False,115976.03625284942,113249.52068714397
111,2020-01-17 00:00:00+00:00,ETC,SELL,0.5516217916304877,9.519625663757324,5.251232964293386,0.6298980105079544,13.630217606105175,True,False,115976.03625284942,113250.1505851545
112,2020-01-17 00:00:00+00:00,ETH,BUY,0.029552156094491792,170.7799530029297,5.04691582895255,,,,,115976.03625284942,113250.1505851545
113,2020-01-17 00:00:00+00:00,FIL,BUY,0.05009531713153046,5.037312984466553,0.25234579144762814,,,,,115976.03625284942,113250.1505851545
114,2020-01-17 00:00:00+00:00,XRP,SELL,41011.51337381047,0.23877599835395813,9792.5650498383,1019.5050580722036,11.620860441271963,True,False,115976.03625284942,114269.6556432267
115,2020-01-18 00:00:00+00:00,ALGO,BUY,35552.41594056173,0.2602820098400116,9253.654275677474,,,,,115670.67844596843,114269.6556432267
116,2020-01-18 00:00:00+00:00,ATOM,SELL,0.03636102914362142,4.6333489418029785,0.1684733359054656,-0.013375450288083679,-7.355259591256017,False,True,115670.67844596843,114269.64226777639
117,2020-01-18 00:00:00+00:00,BTC,BUY,0.05726812746158894,8942.80859375,512.137902411468,,,,,115670.67844596843,114269.64226777642
118,2020-01-18 00:00:00+00:00,DOGE,BUY,10214.15841519926,0.002506999997422099,25.606895120573455,,,,,115670.67844596843,114269.64226777639
119,2020-01-18 00:00:00+00:00,ETC,BUY,0.15371841053658272,8.329156875610352,1.2803447560286727,,,,,115670.67844596843,114269.64226777639
120,2020-01-18 00:00:00+00:00,LINK,BUY,0.023076717045466648,2.7741050720214844,0.06401723780143367,,,,,115670.67844596843,114269.64226777639
121,2020-01-18 00:00:00+00:00,MATIC,BUY,0.18270801543498238,0.01751900091767311,0.0032008618900716893,,,,,115670.67844596843,114269.64226777639
122,2020-01-18 00:00:00+00:00,XLM,SELL,137539.24044269216,0.06115499883890152,8411.212089576236,875.5747468132495,11.619120015828877,True,False,115670.67844596843,115145.21701458964
123,2020-01-18 00:00:00+00:00,XRP,BUY,32844.68357312505,0.24328599870204926,7990.651645140519,,,,,115670.67844596843,115145.21701458964
124,2020-01-19 00:00:00+00:00,ADA,SELL,0.2568664086224124,0.041978999972343445,0.01078299496045621,-0.000770342424007392,-6.667704736497291,False,True,113948.20471464281,115145.21624424722
125,2020-01-19 00:00:00+00:00,ALGO,SELL,35552.41594056173,0.2400210052728653,8533.326613932668,-720.3276617448064,-7.784250851451548,False,True,113948.20471464281,114424.88858250243
126,2020-01-19 00:00:00+00:00,ATOM,BUY,1866.7410752033968,4.518617153167725,8435.08824293683,,,,,113948.20471464281,114424.88858250243
127,2020-01-19 00:00:00+00:00,LINK,SELL,0.023076717045466648,2.6189510822296143,0.060436793080531466,-0.003580444720902208,-5.592938470741116,False,True,113948.20471464281,114424.88500205771
128,2020-01-19 00:00:00+00:00,MATIC,SELL,0.18270801543498238,0.01639699935913086,0.0029958632119954772,-0.000204998678076212,-6.404483702095022,False,True,113948.20471464281,114424.88479705903
129,2020-01-19 00:00:00+00:00,UNI,SELL,186289.8316403553,0.003857000032439828,718.5198866800604,78.61430032462454,12.285296768913998,True,False,113948.20471464281,114503.49909738365
130,2020-01-19 00:00:00+00:00,XLM,BUY,19577.6996355145,0.060044001787900925,1175.5234319178198,,,,,113948.20471464281,114503.49909738365
131,2020-01-20 00:00:00+00:00,ADA,BUY,1339.688883904583,0.043873000890016556,58.77617159589106,,,,,113732.09669765612,114503.49909738365
132,2020-01-20 00:00:00+00:00,ALGO,BUY,12.355255137477728,0.23785899579524994,2.9388085797945553,,,,,113732.09669765612,114503.49909738365
133,2020-01-20 00:00:00+00:00,DOGE,SELL,10214.15841519926,0.0023739999160170555,24.248411219867943,-1.3584839007055116,-5.305148844906461,False,True,113732.09669765612,114502.14061348296
134,2020-01-20 00:00:00+00:00,LINK,BUY,8.594868813918483,2.697299003601074,23.18293108786427,,,,,113732.09669765612,114502.14061348296
135,2020-01-20 00:00:00+00:00,MATIC,BUY,68.59260878532089,0.016899000853300095,1.1591465543932173,,,,,113732.09669765612,114502.14061348296
136,2020-01-20 00:00:00+00:00,UNI,BUY,13.822400979759873,0.00419300002977252,0.05795732771966086,,,,,113732.09669765612,114502.14061348296
137,2020-01-21 00:00:00+00:00,FIL,SELL,0.05009531713153046,5.591133117675781,0.2800895866545709,0.027743795206942756,10.994356215645746,True,False,114395.03359624327,114502.16835727815
138,2020-01-21 00:00:00+00:00,UNI,SELL,13.822400979759873,0.003971000202000141,0.054888757082753405,-0.003068570636907457,-5.294534371477769,False,True,114395.03359624327,114502.16528870752
139,2020-01-21 05:00:00+00:00,UBER,SELL,0.04164607505183371,37.599998474121094,1.56589235840208,0.15117513805379512,10.685890853620753,True,False,116659.59936183547,114502.31646384556
140,2020-01-22 00:00:00+00:00,ETC,SELL,0.15371841053658272,9.337963104248047,1.4354168460342638,0.15507209000559108,12.1117448464887,True,False,114288.97324637345,114502.47153593558
141,2020-01-22 00:00:00+00:00,FIL,BUY,0.5641041302131825,5.623733043670654,3.172371037150968,,,,,114288.97324637345,114502.47153593558
142,2020-01-22 00:00:00+00:00,UNI,BUY,37.91980722351929,0.004182999953627586,0.15861855185754822,,,,,114288.97324637345,114502.47153593558
143,2020-01-23 00:00:00+00:00,BTC,SELL,0.05726812746158894,8406.515625,481.42540832033905,-30.712494091128917,-5.996918788184812,False,True,112506.76507060812,114471.75904184445
144,2020-01-23 00:00:00+00:00,FIL,SELL,0.5641041302131825,4.126817226409912,2.3279546420527417,-0.8444163950982264,-26.61783206344542,False,True,112506.76507060812,114470.91462544935
145,2020-01-23 00:00:00+00:00,LINK,SELL,8.594868813918483,2.462109088897705,21.161504624632133,-2.0214264632321353,-8.71946025966624,False,True,112506.76507060812,114468.89319898612
146,2020-01-23 00:00:00+00:00,LTC,SELL,155.5502685342663,54.6302604675293,8497.751685821095,-598.5532132213248,-6.58017975281738,False,True,112506.76507060812,113870.33998576477
147,2020-01-23 00:00:00+00:00,MATIC,SELL,68.59260878532089,0.01594099961221218,1.0934347500474222,-0.06571180434579516,-5.66898155343209,False,True,112506.76507060812,113870.27427396043
148,2020-01-23 00:00:00+00:00,TRX,SELL,13.497678092915667,0.016253000125288963,0.21937776373526843,-0.011688983954003612,-5.058704495950417,False,True,112506.76507060812,113870.26258497646
149,2020-01-23 00:00:00+00:00,VET,SELL,1519084.2121086102,0.005578999873250723,8474.970626811111,-644.091658715106,-7.06313476701885,False,True,112506.76507060812,113226.17092626136
150,2020-01-23 00:00:00+00:00,XRP,SELL,32844.68357312505,0.2261040061712265,7426.314537309847,-564.3371078306718,-7.0624666534408505,False,True,112506.76507060812,112661.8338184307
151,2020-01-23 05:00:00+00:00,TSLA,SELL,10.900150768361318,38.14666748046875,415.8044268476551,39.022559709505686,10.356804059044014,True,False,114829.4666210003,112700.85637814018
152,2020-01-23 05:00:00+00:00,TTE,SELL,10.906016418586502,36.4828987121582,397.8830923524257,-21.235579576766725,-5.06672238653074,False,True,114829.4666210003,112679.62079856342
153,2020-01-23 05:00:00+00:00,USO,SELL,0.2110791081197075,93.27999877929688,19.68945894774139,-1.2664746487182441,-6.043513370037623,False,True,114829.4666210003,112678.3543239147
154,2020-01-24 00:00:00+00:00,DOGE,BUY,3560986.990072513,0.00227600010111928,8104.806749489479,,,,,112562.27887191268,112678.3543239147
155,2020-01-24 00:00:00+00:00,ETC,BUY,982.9862565965343,8.623167991638184,8476.455624103473,,,,,112562.27887191268,112678.3543239147
156,2020-01-24 00:00:00+00:00,LINK,BUY,3473.707411501423,2.504390001296997,8699.518108795437,,,,,112562.27887191268,112678.3543239147
157,2020-01-24 00:00:00+00:00,TRX,BUY,26505.14183007247,0.01641100086271763,434.9759054397724,,,,,112562.27887191268,112678.35432391473
158,2020-01-24 00:00:00+00:00,VET,BUY,3869.2037938093335,0.005621000193059444,21.748795271988598,,,,,112562.27887191268,112678.3543239147
159,2020-01-24 05:00:00+00:00,INTC,SELL,1.4253905099561204,60.3968391418457,86.08908134413322,10.523825868947881,13.926805120646712,True,False,114113.79484418374,112688.87814978366
160,2020-01-24 05:00:00+00:00,TSLA,BUY,2.2008445130908587,37.654666900634766,82.87206704052599,,,,,114113.79484418374,112688.87814978366
161,2020-01-24 05:00:00+00:00,TTE,BUY,0.1144241827458521,36.21265411376953,4.143603352026298,,,,,114113.79484418374,112688.87814978369
162,2020-01-24 06:00:00+00:00,VIX,SELL,33.4820358898137,14.5600004196167,487.4984566053089,74.99978466071053,18.181824515251666,True,False,112763.87793444439,112763.87793444439
163,2020-01-25 00:00:00+00:00,BTC,BUY,0.055370357226398596,8367.84765625,463.33071394264476,,,,,112064.98874260938,112763.87793444439
164,2020-01-25 00:00:00+00:00,ETH,SELL,0.029552156094491792,161.283935546875,4.766288038815204,-0.2806277901373466,-5.5603818182874045,False,True,112064.98874260938,112763.59730665425
165,2020-01-25 00:00:00+00:00,FIL,BUY,6.520697198385711,4.2471699714660645,27.694509334006685,,,,,112064.98874260938,112763.59730665425
166,2020-01-25 00:00:00+00:00,LTC,BUY,0.025787383654414003,53.69778823852539,1.3847254667003341,,,,,112064.98874260938,112763.59730665425
167,2020-01-25 00:00:00+00:00,MATIC,BUY,4.309490471461829,0.01606599986553192,0.06923627333501683,,,,,112064.98874260938,112763.59730665425
168,2020-01-25 00:00:00+00:00,XLM,SELL,19577.6996355145,0.056039001792669296,1097.114744970938,-78.40868694688174,-6.670108380482138,False,True,112064.98874260938,112685.18861970738
169,2020-01-25 00:00:00+00:00,XRP,BUY,4728.379186223134,0.220427006483078,1042.2624695360578,,,,,112064.98874260938,112685.18861970736
170,2020-01-26 00:00:00+00:00,ETH,BUY,0.31005486560456996,168.0771026611328,52.11312347680304,,,,,113539.9409185108,112685.18861970736
171,2020-01-26 00:00:00+00:00,FIL,SELL,6.520697198385711,4.9178948402404785,32.06810310671163,4.373593772704947,15.792277523164191,True,False,113539.9409185108,112689.56221348007
172,2020-01-27 00:00:00+00:00,ETC,SELL,982.9862565965343,10.424935340881348,10247.568165993871,1771.1125418903976,20.894494355094583,True,False,115259.49369901602,114460.67475537048
173,2020-01-27 00:00:00+00:00,FIL,BUY,1518.959621568902,5.673274040222168,8617.47418919254,,,,,115259.49369901602,114460.67475537045
174,2020-01-27 00:00:00+00:00,UNI,SELL,37.91980722351929,0.003829000052064657,0.14519494383313714,-0.013423608024411088,-8.4628234637185,False,True,115259.49369901602,114460.66133176244
175,2020-01-27 05:00:00+00:00,INTC,BUY,27.298437986739465,57.944618225097656,1581.7975672831217,,,,,114447.12521411548,114460.66133176244
176,2020-01-27 05:00:00+00:00,SHEL,SELL,0.020061252253472397,43.91508483886719,0.8809915946851559,-0.05654441001906085,-6.031172108094137,False,True,114447.12521411548,114460.60478735244
177,2020-01-27 05:00:00+00:00,UBER,BUY,2.201840828071028,36.29999923706055,79.92682037910708,,,,,114447.12521411548,114460.60478735244
178,2020-01-27 05:00:00+00:00,USO,BUY,0.04500383875692047,88.80000305175781,3.996341018955354,,,,,114447.12521411548,114460.60478735242
179,2020-01-27 06:00:00+00:00,VIX,BUY,0.010960891715044765,18.229999542236328,0.19981705094776803,,,,,114460.60478735242,114460.60478735242
180,2020-01-28 00:00:00+00:00,ADA,SELL,1339.688883904583,0.05285700038075447,70.81193584663707,12.035764250746013,20.477285137753704,True,False,113017.07248155441,114472.64055160318
181,2020-01-28 00:00:00+00:00,BTC,SELL,0.055370357226398596,9358.58984375,518.1884627837833,54.857748841138516,11.839868843214504,True,False,113017.07248155441,114527.49830044429
182,2020-01-28 00:00:00+00:00,FIL,SELL,1518.959621568902,3.745124101638794,5688.692288153837,-2928.781901038704,-33.986546831921885,False,True,113017.07248155441,111598.7163994056
183,2020-01-28 00:00:00+00:00,LTC,SELL,0.025787383654414003,60.671817779541016,1.5645674420917208,0.1798419753913867,12.987554552595368,True,False,113017.07248155441,111598.896241381
184,2020-01-28 00:00:00+00:00,TRX,SELL,26505.14183007247,0.01861399970948696,493.36670232487967,58.39079688510725,13.423915245620922,True,False,113017.07248155441,111657.28703826612
185,2020-01-28 00:00:00+00:00,UNI,BUY,1661245.2569279245,0.003872999921441078,6434.002749576215,,,,,113017.07248155441,111657.28703826613
186,2020-01-28 05:00:00+00:00,SHEL,BUY,7.3477739392756485,43.781986236572266,321.7001374788108,,,,,112664.44599223921,111657.2870382661
187,2020-01-28 06:00:00+00:00,VIX,SELL,0.010960891715044765,16.280000686645508,0.17844332464717583,-0.0213737263005922,-10.696647858234716,False,True,111657.26566453981,111657.2656645398
188,2020-01-29 00:00:00+00:00,ADA,BUY,303.7434694423441,0.05351400002837181,16.254528032355356,,,,,112708.98176739198,111657.2656645398
189,2020-01-29 00:00:00+00:00,ETC,BUY,0.06596905970864603,12.319811820983887,0.8127264016177692,,,,,112708.98176739198,111657.2656645398
190,2020-01-29 00:00:00+00:00,LINK,SELL,3473.707411501423,2.7853240966796875,9675.400958069737,975.8828492742996,11.217665588714125,True,False,112708.98176739198,112633.14851381409
191,2020-01-29 00:00:00+00:00,TRX,BUY,482616.21608599334,0.018682999536395073,9016.718541391358,,,,,112708.98176739198,112633.14851381411
192,2020-01-29 06:00:00+00:00,VIX,BUY,38.181144323884176,16.389999389648438,625.7889321645406,,,,,112633.14851381411,112633.1485138141
193,2020-01-30 00:00:00+00:00,FIL,BUY,8.345492489112663,3.749263048171997,31.289446608227053,,,,,113506.79360430609,112633.1485138141
194,2020-01-30 00:00:00+00:00,MATIC,SELL,4.309490471461829,0.018644999712705612,0.08035044860231337,0.011114175267296536,16.05253248325173,True,False,113506.79360430609,112633.15962798936
195,2020-01-30 00:00:00+00:00,XLM,BUY,26.80747712073364,0.06120700016617775,1.6408052565835503,,,,,113506.79360430609,112633.15962798936
196,2020-01-30 00:00:00+00:00,XRP,SELL,4728.379186223134,0.24364200234413147,1152.0317727737192,109.76930323766146,10.531829212513339,True,False,113506.79360430609,112742.92893122701
197,2020-01-30 05:00:00+00:00,TSLA,SELL,2.2008445130908587,42.72066879272461,94.02154950803984,11.149482467513849,13.453848643670904,True,False,113869.48091209508,112754.07841369451
198,2020-01-30 06:00:00+00:00,VIX,SELL,38.181144323884176,15.489999771118164,591.4259168379955,-34.36301532654511,-5.491151019192193,False,True,112719.71539836797,112719.71539836797
199,2020-01-31 00:00:00+00:00,BTC,BUY,0.1866939573153377,9350.529296875,1745.6873174265959,,,,,112995.14219590751,112719.71539836797
200,2020-01-31 00:00:00+00:00,ETC,SELL,0.06596905970864603,11.300946235656738,0.7455127969842379,-0.06721360463353132,-8.270139188260595,False,True,112995.14219590751,112719.64818476334
201,2020-01-31 00:00:00+00:00,LINK,BUY,31.161159655569616,2.823791027069092,87.99260302846487,,,,,112995.14219590751,112719.64818476334
202,2020-01-31 00:00:00+00:00,MATIC,BUY,245.40551199335388,0.017928000539541245,4.399630151423244,,,,,112995.14219590751,112719.64818476334
203,2020-01-31 00:00:00+00:00,XRP,BUY,0.9195282660454626,0.23923300206661224,0.21998150757116253,,,,,112995.14219590751,112719.64818476334
204,2020-01-31 05:00:00+00:00,ASML,SELL,4.802125040141546,265.5489807128906,1275.1994096654366,-67.78971515482772,-5.047674169654962,False,True,112334.00232772635,112651.85846960852
205,2020-01-31 05:00:00+00:00,EEM,SELL,38.413795571417104,36.873443603515625,1416.448924599627,-94.85618490407614,-6.276441752732903,False,True,112334.00232772635,112557.00228470446
206,2020-01-31 05:00:00+00:00,META,SELL,4.6782306630618375,200.50936889648438,938.0290778027107,-51.800468543947204,-5.233271600664631,False,True,112334.00232772635,112505.20181616051
207,2020-01-31 05:00:00+00:00,ROKU,SELL,65.28328533521345,120.94999694824219,7896.013162065291,-486.3602765185633,-5.802178584407361,False,True,112334.00232772635,112018.84153964192
208,2020-01-31 05:00:00+00:00,SHEL,SELL,7.3477739392756485,40.83030319213867,300.01183772791984,-21.688299750890963,-6.741775095548254,False,True,112334.00232772635,111997.15323989103
209,2020-01-31 05:00:00+00:00,TSLA,BUY,207.2041448041595,43.371334075927734,8986.720186218108,,,,,112334.00232772635,111997.15323989103
210,2020-01-31 05:00:00+00:00,TTE,SELL,0.1144241827458521,33.66960144042969,3.8526166281997316,-0.290986723826566,-7.0225525733361565,False,True,112334.00232772635,111996.86225316722
211,2020-01-31 06:00:00+00:00,VIX,BUY,143.3494733205683,18.84000015258789,2700.7040992329007,,,,,111996.86225316722,111996.86225316723
212,2020-02-01 00:00:00+00:00,FIL,SELL,8.345492489112663,4.872459888458252,40.66307740263107,9.373630794404015,29.957803063028194,True,False,112357.16094676712,112006.23588396164
213,2020-02-01 00:00:00+00:00,LTC,BUY,2.452204064174433,70.82001495361328,173.6651284941446,,,,,112357.16094676712,112006.23588396164
214,2020-02-02 00:00:00+00:00,ETH,SELL,0.31005486560456996,188.61753845214844,58.48178553544569,6.368662058642649,12.220841188837035,True,False,112268.95655867008,112012.60454602027
215,2020-02-02 00:00:00+00:00,FIL,BUY,13.077342346632705,4.912385940551758,64.24095268338063,,,,,112268.95655867008,112012.60454602027
216,2020-02-02 00:00:00+00:00,UNI,SELL,1661245.2569279245,0.0036090000066906214,5995.434143367643,-438.5686062085724,-6.816419315914334,False,True,112268.95655867008,111574.03593981169
217,2020-02-02 00:00:00+00:00,VET,SELL,3869.2037938093335,0.006258999928832054,24.217346270089333,2.468550998100735,11.350288451517633,True,False,112268.95655867008,111576.5044908098
218,2020-02-03 00:00:00+00:00,ALGO,SELL,12.355255137477728,0.2629309892654419,3.2485794559239523,0.3097708761293969,10.540695922122707,True,False,111911.56249087962,111576.81426168594
219,2020-02-03 00:00:00+00:00,ATOM,SELL,1866.7410752033968,4.2607269287109375,7953.673968049922,-481.41427488690806,-5.7072820226868775,False,True,111911.56249087962,111095.39998679902
220,2020-02-03 00:00:00+00:00,ETC,BUY,693.8770381250955,11.792460441589355,8182.517523417378,,,,,111911.56249087962,111095.39998679902
221,2020-02-03 00:00:00+00:00,ETH,BUY,29.007788722695604,189.8650665283203,5507.56573567406,,,,,111911.56249087962,111095.39998679902
222,2020-02-03 00:00:00+00:00,FIL,SELL,13.077342346632705,3.8817269802093506,50.76267261635843,-13.478280067022197,-20.980822207683538,False,True,111911.56249087962,111081.92170673201
223,2020-02-03 00:00:00+00:00,MATIC,SELL,245.40551199335388,0.022086000069975853,5.420026155057674,1.0203960036344304,23.192767767180175,True,False,111911.56249087962,111082.94210273563
224,2020-02-03 00:00:00+00:00,UNI,BUY,88540.75996581923,0.003713000100106001,328.7518506165482,,,,,111911.56249087962,111082.94210273564
225,2020-02-03 00:00:00+00:00,VET,BUY,2605.419707964076,0.006308999843895435,16.437592530827448,,,,,111911.56249087962,111082.94210273564
226,2020-02-03 05:00:00+00:00,EEM,BUY,0.022043173233014038,37.284996032714844,0.8218796265413745,,,,,113994.5643469063,111082.94210273564
227,2020-02-03 05:00:00+00:00,MSFT,SELL,0.33153773616890403,165.1935272216797,54.767888044831906,5.276410727499012,10.661251216380863,True,False,113994.5643469063,111088.21851346314
228,2020-02-03 05:00:00+00:00,ROKU,BUY,0.4083967656777833,127.5,52.070587623917376,,,,,113994.5643469063,111088.21851346314
229,2020-02-03 05:00:00+00:00,SHEL,BUY,0.06489706664178642,40.117828369140625,2.603529381195869,,,,,113994.5643469063,111088.21851346314
230,2020-02-03 05:00:00+00:00,TSLA,SELL,207.2041448041595,52.0,10774.615529816294,1787.8953435981857,19.89485937639489,True,False,113994.5643469063,112876.11385706133
231,2020-02-03 05:00:00+00:00,USO,SELL,0.04500383875692047,83.91999816894531,3.776722066076276,-0.21961895287907796,-5.495500805296303,False,True,113994.5643469063,112875.89423810845
232,2020-02-03 05:00:00+00:00,ZM,SELL,0.014335705737062571,87.66000366210938,1.2566680174098275,0.2088713375868465,19.934338561001557,True,False,113994.5643469063,112876.10310944605
233,2020-02-04 00:00:00+00:00,UNI,SELL,88540.75996581923,0.0033519999124109745,296.7886196502272,-31.96323096632102,-9.722601076275767,False,True,113624.66330491276,112844.1398784797
234,2020-02-04 00:00:00+00:00,XRP,SELL,0.9195282660454626,0.26680800318717957,0.24533750053775946,0.025355992966596935,11.526420218933376,True,False,113624.66330491276,112844.16523447269
235,2020-02-04 05:00:00+00:00,IBM,SELL,0.03409383241846936,109.50011444091797,3.7332785515518743,0.375805739501208,11.193113408167097,True,False,115499.5842245199,112844.54104021218
236,2020-02-04 05:00:00+00:00,META,BUY,44.34309189188414,208.3744354248047,9239.966737961593,,,,,115499.5842245199,112844.5410402122
237,2020-02-04 05:00:00+00:00,MSFT,BUY,10.24758543119855,170.63113403320312,1748.5571232275395,,,,,115499.5842245199,112844.5410402122
238,2020-02-04 05:00:00+00:00,TSLA,BUY,1.4783868641011826,59.137332916259766,87.42785616137692,,,,,115499.5842245199,112844.5410402122
239,2020-02-04 05:00:00+00:00,TTE,BUY,0.12898262521214424,33.89133071899414,4.371392808068852,,,,,115499.5842245199,112844.5410402122
240,2020-02-04 06:00:00+00:00,VIX,SELL,143.3494733205683,16.049999237060547,2300.7589374281524,-399.9451618047483,-14.808921936999594,False,True,112444.59587840746,112444.59587840746
241,2020-02-05 00:00:00+00:00,ADA,SELL,303.7434694423441,0.059230998158454895,17.991028879182185,1.7365008468268286,10.683182208491363,True,False,115396.04928462167,112446.33237925427
242,2020-02-05 00:00:00+00:00,ATOM,BUY,509.27158584301384,4.325847148895264,2203.031037632371,,,,,115396.04928462167,112446.33237925427
243,2020-02-05 00:00:00+00:00,DOGE,SELL,3560986.990072513,0.0025820001028478146,9194.468774606958,1089.6620251174782,13.444639197425845,True,False,115396.04928462167,113535.99440437176
244,2020-02-05 00:00:00+00:00,FIL,BUY,1928.841024737368,4.585601806640625,8844.896887758228,,,,,115396.04928462167,113535.99440437176
245,2020-02-05 00:00:00+00:00,MATIC,BUY,20633.82887422777,0.021432999521493912,442.24484438791103,,,,,115396.04928462167,113535.99440437176
246,2020-02-05 00:00:00+00:00,TRX,SELL,482616.21608599334,0.02077599987387657,10026.834444533386,1010.1159031420284,11.202699723908193,True,False,115396.04928462167,114546.11030751378
247,2020-02-05 00:00:00+00:00,UNI,BUY,2856337.9154484966,0.0032319999299943447,9231.683942769734,,,,,115396.04928462167,114546.11030751378
248,2020-02-05 00:00:00+00:00,XLM,SELL,26.80747712073364,0.06873299926519394,1.8425583052410885,0.2017530486575383,12.295977712652153,True,False,115396.04928462167,114546.31206056244
249,2020-02-05 00:00:00+00:00,XRP,BUY,2808.4523651374366,0.2774679958820343,779.2556492848438,,,,,115396.04928462167,114546.31206056244
250,2020-02-05 05:00:00+00:00,TSLA,SELL,1.4783868641011826,48.97999954223633,72.41138792692412,-15.016468234452802,-17.175839479278732,False,True,117256.42134148195,114531.295592328
251,2020-02-06 00:00:00+00:00,ADA,BUY,1803.196243669562,0.05975700169801712,107.7536009948201,,,,,116662.08039396189,114531.295592328
252,2020-02-06 00:00:00+00:00,ALGO,BUY,18.790277299379355,0.28672701120376587,5.387680049741012,,,,,116662.08039396189,114531.295592328
253,2020-02-06 00:00:00+00:00,DOGE,BUY,101.53939241358799,0.002652999944984913,0.2693840024870504,,,,,116662.08039396189,114531.295592328
254,2020-02-06 00:00:00+00:00,ETH,SELL,29.007788722695604,212.33908081054688,6159.487193723732,651.9214580496719,11.836834807562845,True,False,116662.08039396189,115183.21705037764
255,2020-02-06 00:00:00+00:00,FIL,SELL,1928.841024737368,5.4530110359191895,10517.991394426545,1673.0945066683162,18.915930031744757,True,False,116662.08039396189,116856.31155704598
256,2020-02-06 00:00:00+00:00,MATIC,SELL,20633.82887422777,0.024459000676870346,504.6828344011639,62.437990013252886,14.118421233303508,True,False,116662.08039396189,116918.74954705923
257,2020-02-06 00:00:00+00:00,TRX,BUY,414154.26816055394,0.02253499999642372,9332.966431516952,,,,,116662.08039396189,116918.74954705923
258,2020-02-06 00:00:00+00:00,UNI,SELL,2856337.9154484966,0.002991999965161085,8546.162943510188,-685.5209992595464,-7.425741647020394,False,True,116662.08039396189,116233.22854779968
259,2020-02-06 00:00:00+00:00,XLM,BUY,132307.4280022963,0.07054000347852707,9332.966431516952,,,,,116662.08039396189,116233.22854779968
260,2020-02-06 05:00:00+00:00,ASML,BUY,22.907696969211507,292.8834533691406,6709.285397076463,,,,,119155.48186799824,116233.22854779968
261,2020-02-06 05:00:00+00:00,IBM,BUY,2.9140921380091815,115.11793518066406,335.46426985382374,,,,,119155.48186799824,116233.22854779968
262,2020-02-06 05:00:00+00:00,TSLA,BUY,0.3359300847716348,49.930667877197266,16.77321349269122,,,,,119155.48186799824,116233.22854779968
263,2020-02-06 05:00:00+00:00,USO,BUY,0.009760948469592561,85.91999816894531,0.8386606746345624,,,,,119155.48186799824,116233.22854779968
264,2020-02-07 00:00:00+00:00,ATOM,SELL,509.27158584301384,4.810633182525635,2449.9187897738548,246.88775214148382,11.206730541881862,True,False,116479.08972193499,116480.11629994116
265,2020-02-07 00:00:00+00:00,FIL,BUY,562.4725580091621,4.1379170417785645,2327.4647833188938,,,,,116479.08972193499,116480.11629994116
266,2020-02-07 00:00:00+00:00,LINK,SELL,31.161159655569616,3.3085319995880127,103.09769386472306,15.105090836258185,17.16631889088656,True,False,116479.08972193499,116495.22139077743
267,2020-02-07 00:00:00+00:00,UNI,BUY,81088.17256645727,0.002643000101670623,214.3160483374316,,,,,116479.08972193499,116495.22139077743
268,2020-02-07 05:00:00+00:00,UBER,SELL,2.201840828071028,40.630001068115234,89.4607951963456,9.533974817238516,11.928379950581272,True,False,119187.98904457467,116504.75536559467
269,2020-02-07 05:00:00+00:00,ZM,BUY,1.0796881601126949,88.63999938964844,95.70355785339991,,,,,119187.98904457467,116504.75536559465
270,2020-02-07 06:00:00+00:00,VIX,BUY,0.3093198325838844,15.470000267028809,4.785177892669998,,,,,116504.75536559465,116504.75536559467
271,2020-02-08 00:00:00+00:00,ATOM,BUY,0.05170302236044971,4.627561092376709,0.23925889463350009,,,,,116248.110007828,116504.75536559467
272,2020-02-08 00:00:00+00:00,DOGE,SELL,101.53939241358799,0.0031590000726282597,0.32076294800915384,0.051378945522103425,19.072753039436062,True,False,116248.110007828,116504.80674454017
273,2020-02-08 00:00:00+00:00,UNI,SELL,81088.17256645727,0.0023849999997764826,193.395291552876,-20.920756784555607,-9.761637985978892,False,True,116248.110007828,116483.88598775561
274,2020-02-09 00:00:00+00:00,ALGO,SELL,18.790277299379355,0.3411160111427307,6.409664440630088,1.0219843908890764,18.968913919418874,True,False,116557.42666205514,116484.9079721465
275,2020-02-09 00:00:00+00:00,DOGE,BUY,58827.784671240326,0.0032319999299943447,190.1313959391711,,,,,116557.42666205514,116484.9079721465
276,2020-02-09 00:00:00+00:00,FIL,SELL,562.4725580091621,3.8853468894958496,2185.4010036876716,-142.06377963122213,-6.103799320591374,False,True,116557.42666205514,116342.84419251527
277,2020-02-09 00:00:00+00:00,MATIC,BUY,95147.70039246621,0.02191999927163124,2085.637523300247,,,,,116557.42666205514,116342.84419251527
278,2020-02-09 00:00:00+00:00,UNI,BUY,207732.82900339417,0.0005019999807700515,104.28187616501226,,,,,116557.42666205514,116342.84419251527
279,2020-02-10 00:00:00+00:00,ALGO,BUY,14.489430085026042,0.3598549962043762,5.214093808250621,,,,,116633.70836276836,116342.84419251527
280,2020-02-10 00:00:00+00:00,DOGE,SELL,58827.784671240326,0.002985999919474125,175.6597602911648,-14.471635648006327,-7.611386628979597,False,True,116633.70836276836,116328.37255686728
281,2020-02-10 00:00:00+00:00,ETH,BUY,0.747742726666634,223.522705078125,167.13747696701907,,,,,116633.70836276836,116328.37255686728
282,2020-02-10 00:00:00+00:00,LINK,BUY,2.4496300849829336,3.4114840030670166,8.356873848350974,,,,,116633.70836276836,116328.37255686728
283,2020-02-10 00:00:00+00:00,UNI,SELL,207732.82900339417,0.0019099999917671084,396.76970168624104,292.4878255212288,280.4781005842334,True,False,116633.70836276836,116620.86038238852
284,2020-02-10 05:00:00+00:00,ADBE,SELL,23.905049649120414,370.0,8844.868370174554,850.3027911050267,10.636009958204532,True,False,120552.71696263627,117471.16317349352
285,2020-02-10 05:00:00+00:00,AMZN,SELL,83.11594906416738,106.69550323486328,8868.098012244602,980.3531011463729,12.428813459306914,True,False,120552.71696263627,118451.5162746399
286,2020-02-10 05:00:00+00:00,GOOGL,SELL,0.014516438626998548,74.86731719970703,1.0868068152975798,0.10083870141029672,10.227379566336028,True,False,120552.71696263627,118451.61711334132
287,2020-02-10 05:00:00+00:00,NVDA,SELL,0.032152666871431194,6.545013427734375,0.21043963641098737,0.02152649772302409,11.394918253187472,True,False,120552.71696263627,118451.63863983906
288,2020-02-10 05:00:00+00:00,UBER,BUY,218.89299192018632,40.0099983215332,8757.908239322036,,,,,120552.71696263627,118451.63863983905
289,2020-02-11 00:00:00+00:00,ATOM,SELL,0.05170302236044971,5.102925777435303,0.26383668557445267,0.024577790940952582,10.272466977079855,True,False,119328.28146306441,118451.66321762999
290,2020-02-11 00:00:00+00:00,DOGE,BUY,2922110.1667569648,0.0030410001054406166,8886.137325217027,,,,,119328.28146306441,118451.66321762999
291,2020-02-11 00:00:00+00:00,FIL,BUY,78.53636819641075,5.657339096069336,444.30686626085094,,,,,119328.28146306441,118451.66321763
292,2020-02-11 00:00:00+00:00,LINK,SELL,2.4496300849829336,3.9755589962005615,9.738648921717447,1.381775073366473,16.534592940386826,True,False,119328.28146306441,118453.04499270336
293,2020-02-11 00:00:00+00:00,UNI,BUY,16120.420284801528,0.0019519999623298645,31.467059788674167,,,,,119328.28146306441,118453.04499270336
294,2020-02-11 00:00:00+00:00,VET,SELL,2605.419707964076,0.00750300008803606,19.54846429822535,3.110871767397903,18.925349083594213,True,False,119328.28146306441,118456.15586447075
295,2020-02-11 05:00:00+00:00,ADBE,BUY,0.05455046073260862,369.2799987792969,20.144394072747794,,,,,120884.34228883525,118456.15586447075
296,2020-02-11 05:00:00+00:00,GOOGL,BUY,0.013440922607222306,74.93679809570312,1.0072197036373896,,,,,120884.34228883525,118456.15586447075
297,2020-02-11 05:00:00+00:00,NFLX,SELL,11.053894251819342,37.36899948120117,413.07296856148963,38.05856667980413,10.148561358934515,True,False,120884.34228883525,118494.21443115057
298,2020-02-12 00:00:00+00:00,ADA,SELL,1803.196243669562,0.06837300211191177,123.28994057661033,15.53633958179023,14.418394780641334,True,False,121278.58120489655,118509.75077073235
299,2020-02-12 00:00:00+00:00,BTC,SELL,0.1866939573153377,10326.0546875,1927.8120130639677,182.12469563737181,10.43283604224443,True,False,121278.58120489655,118691.87546636972
300,2020-02-12 00:00:00+00:00,ETH,SELL,0.747742726666634,265.4061279296875,198.45550177217802,31.318024805158956,18.73788295328814,True,False,121278.58120489655,118723.19349117488
301,2020-02-12 00:00:00+00:00,LINK,BUY,628.4408913042765,4.025118827819824,2529.5492637607153,,,,,121278.58120489655,118723.19349117488
302,2020-02-12 00:00:00+00:00,LTC,SELL,2.452204064174433,81.29744720458984,199.3579304421016,25.69280194795701,14.794450774741048,True,False,121278.58120489655,118748.88629312282
303,2020-02-12 00:00:00+00:00,XLM,SELL,132307.4280022963,0.08004000037908554,10589.886587459629,1256.9201559426765,13.467531091702217,True,False,121278.58120489655,120005.8064490655
304,2020-02-12 05:00:00+00:00,AMZN,BUY,91.0445299997158,108.0,9832.809239969307,,,,,122910.11549961634,120005.8064490655
305,2020-02-12 06:00:00+00:00,VIX,SELL,0.3093198325838844,13.739999771118164,4.250054428904881,-0.5351234637651174,-11.182937724944916,False,True,120005.27132560173,120005.27132560173
306,2020-02-13 00:00:00+00:00,BTC,BUY,0.10173192507553146,10214.3798828125,1039.128528931297,,,,,120749.70648584247,120005.27132560173
307,2020-02-13 00:00:00+00:00,LTC,BUY,0.6461966648066061,80.40342712402344,51.956426446564954,,,,,120749.70648584247,120005.27132560173
308,2020-02-13 00:00:00+00:00,UNI,SELL,16120.420284801528,0.0017519999528303742,28.242975578578086,-3.2240842100960805,-10.245902323726204,False,True,120749.70648584247,120002.04724139161
309,2020-02-13 00:00:00+00:00,XLM,BUY,356.0419688898501,0.08265499770641327,29.428648121977428,,,,,120749.70648584247,120002.04724139161
310,2020-02-13 00:00:00+00:00,XRP,SELL,2808.4523651374366,0.3267059922218323,917.5382165599779,138.28256727513406,17.745468692083513,True,False,120749.70648584247,120140.32980866678
311,2020-02-13 05:00:00+00:00,AMD,SELL,162.82211461336777,54.529998779296875,8878.68971110948,884.1241320399531,11.059064101677613,True,False,122936.2046674991,121024.45394070674
312,2020-02-13 05:00:00+00:00,NFLX,BUY,244.04530971802623,38.13999938964844,9307.887963692085,,,,,122936.2046674991,121024.45394070675
313,2020-02-14 00:00:00+00:00,ADA,BUY,6593.856759498242,0.07057999819517136,465.39439818460437,,,,,123411.63812249173,121024.45394070675
314,2020-02-14 00:00:00+00:00,ATOM,BUY,4.5600106568528975,5.102996826171875,23.269719909230265,,,,,123411.63812249173,121024.45394070675
315,2020-02-14 00:00:00+00:00,TRX,SELL,414154.26816055394,0.026325000450015068,10902.611295702243,1569.6448641852912,16.818284686899553,True,False,123411.63812249173,122594.09880489203
316,2020-02-14 00:00:00+00:00,UNI,BUY,5329938.573174309,0.001728000002913177,9210.13386997226,,,,,123411.63812249173,122594.09880489203
317,2020-02-14 00:00:00+00:00,VET,BUY,193321.76819119815,0.008322999812662601,1609.017040438945,,,,,123411.63812249173,122594.09880489204
318,2020-02-14 00:00:00+00:00,XRP,BUY,240.27946862715004,0.33482199907302856,80.45085202194743,,,,,123411.63812249173,122594.09880489206
319,2020-02-14 05:00:00+00:00,AMD,BUY,0.07272721933143632,55.310001373291016,4.0225426010973795,,,,,124599.48544208346,122594.09880489206
320,2020-02-14 05:00:00+00:00,NVDA,BUY,0.027885788533072144,7.212531566619873,0.20112713005486932,,,,,124599.48544208346,122594.09880489206
321,2020-02-15 00:00:00+00:00,ADA,SELL,6593.856759498242,0.06386300176382065,421.1034858622169,-44.29091232238744,-9.516855487551208,False,True,121073.287764533,122549.80789256966
322,2020-02-15 00:00:00+00:00,ALGO,SELL,14.489430085026042,0.3343620002269745,4.844714825378208,-0.369378982872413,-7.084241221128762,False,True,121073.287764533,122549.43851358679
323,2020-02-15 00:00:00+00:00,ATOM,SELL,4.5600106568528975,4.582092761993408,20.89439182537847,-2.3753280838517945,-10.20780694016685,False,True,121073.287764533,122547.06318550295
324,2020-02-15 00:00:00+00:00,ETC,SELL,693.8770381250955,10.388147354125977,7208.09691768798,-974.4206057293977,-11.908567295343072,False,True,121073.287764533,121572.64257977354
325,2020-02-15 00:00:00+00:00,ETH,BUY,27.470410194450054,264.72857666015625,7272.2025910474085,,,,,121073.287764533,121572.64257977356
326,2020-02-15 00:00:00+00:00,TRX,BUY,15416.354576477177,0.023585999384522438,363.6101295523704,,,,,121073.287764533,121572.64257977356
327,2020-02-15 00:00:00+00:00,VET,SELL,193321.76819119815,0.007439999841153622,1438.3139246340515,-170.7031158048935,-10.609155249115645,False,True,121073.287764533,121401.93946396865
328,2020-02-15 00:00:00+00:00,XRP,SELL,240.27946862715004,0.30623599886894226,73.58222308273396,-6.868628939213465,-8.537670846965879,False,True,121073.287764533,121395.07083502942
329,2020-02-16 00:00:00+00:00,ADA,BUY,23214.507701599305,0.06265400350093842,1454.4818468085646,,,,,121298.96014218258,121395.07083502942
330,2020-02-16 00:00:00+00:00,ALGO,BUY,212.7368426869518,0.34185001254081726,72.72409234042834,,,,,121298.96014218258,121395.07083502942
331,2020-02-16 00:00:00+00:00,ATOM,BUY,0.8273789502357576,4.394847869873047,3.636204617021417,,,,,121298.96014218258,121395.07083502942
332,2020-02-16 00:00:00+00:00,DOGE,SELL,2922110.1667569648,0.002773999935016036,8105.933412693518,-780.2039125235087,-8.780011876582762,False,True,121298.96014218258,120614.86692250591
333,2020-02-16 00:00:00+00:00,ETC,BUY,799.2153941392062,9.635473251342773,7700.818552289693,,,,,121298.96014218258,120614.86692250591
334,2020-02-16 00:00:00+00:00,LINK,SELL,628.4408913042765,4.504170894622803,2830.605171603535,301.0559078428196,11.901563339993453,True,False,121298.96014218258,120915.92283034872
335,2020-02-16 00:00:00+00:00,LTC,SELL,0.6461966648066061,75.152587890625,48.56335164650721,-3.3930748000577466,-6.530616195375531,False,True,121298.96014218258,120912.52975554868
336,2020-02-16 00:00:00+00:00,MATIC,SELL,95147.70039246621,0.020160000771284103,1918.1777132980276,-167.45981000221923,-8.029190505607902,False,True,121298.96014218258,120745.06994554645
337,2020-02-16 00:00:00+00:00,VET,BUY,692908.9874589454,0.007133000064641237,4942.519852335152,,,,,121298.96014218258,120745.06994554646
338,2020-02-16 00:00:00+00:00,XLM,SELL,356.0419688898501,0.07507900148630142,26.73127551146674,-2.697372610510687,-9.165805372134232,False,True,121298.96014218258,120742.37257293596
339,2020-02-16 00:00:00+00:00,XRP,BUY,923.6925654492827,0.2950339913368225,272.520704352651,,,,,121298.96014218258,120742.37257293596
340,2020-02-17 00:00:00+00:00,BTC,SELL,0.10173192507553146,9690.142578125,985.7968587290297,-53.33167020226733,-5.132345876127264,False,True,120522.78677384093,120689.04090273369
341,2020-02-17 00:00:00+00:00,LTC,BUY,12.970868653538476,73.25130462646484,950.1330510102108,,,,,120522.78677384093,120689.04090273369
342,2020-02-17 00:00:00+00:00,MATIC,BUY,2368.7002692142364,0.020055999979376793,47.50665255051053,,,,,120522.78677384093,120689.04090273369
343,2020-02-17 00:00:00+00:00,TRX,SELL,15416.354576477177,0.021727999672293663,334.966547185659,-28.64358236671137,-7.877553466943739,False,True,120522.78677384093,120660.39732036697
344,2020-02-17 00:00:00+00:00,VET,SELL,692908.9874589454,0.006756000220775604,4681.293272250035,-261.22658008511644,-5.2852914685147265,False,True,120522.78677384093,120399.17074028184
345,2020-02-18 00:00:00+00:00,BTC,BUY,0.47010688201996087,10141.99609375,4767.822161091435,,,,,119335.07019535374,120399.17074028184
346,2020-02-18 00:00:00+00:00,DOGE,BUY,83970.09899703134,0.0028389999642968178,238.39110805457221,,,,,119335.07019535374,120399.17074028186
347,2020-02-18 00:00:00+00:00,UNI,SELL,5329938.573174309,0.0014029999729245901,7477.903673853284,-1732.230196118976,-18.807872074113437,False,True,119335.07019535374,118666.94054416288
348,2020-02-18 00:00:00+00:00,XLM,BUY,95334.09875617301,0.07464200258255005,7115.928045563348,,,,,119335.07019535374,118666.94054416288
349,2020-02-18 05:00:00+00:00,TSLA,SELL,0.3359300847716348,57.22666549682617,19.224158591546804,2.450945098855584,14.612257215491606,True,False,120926.96651684758,118669.39148926173
350,2020-02-18 23:00:00+00:00,ROG,SELL,0.0789824045645523,288.3098449707031,22.77140481541943,2.1464712181895216,10.407166685267825,True,False,118619.45538848202,118671.53796047992
351,2020-02-19 00:00:00+00:00,ADA,SELL,23214.507701599305,0.05764500051736832,1338.2003084691428,-116.28153833942179,-7.994705371852365,False,True,117146.53830451507,118555.2564221405
352,2020-02-19 00:00:00+00:00,ATOM,SELL,0.8273789502357576,4.158570766448975,3.4407139152256625,-0.19549070179575434,-5.376229403610674,False,True,117146.53830451507,118555.06093143871
353,2020-02-19 00:00:00+00:00,BTC,SELL,0.47010688201996087,9633.38671875,4528.721393644064,-239.10076744737125,-5.014884351152834,False,True,117146.53830451507,118315.96016399133
354,2020-02-19 00:00:00+00:00,DOGE,SELL,83970.09899703134,0.002623999956995249,220.33753615709702,-18.053571897475194,-7.573089468312884,False,True,117146.53830451507,118297.90659209386
355,2020-02-19 00:00:00+00:00,ETC,SELL,799.2153941392062,8.879036903381348,7096.26297831248,-604.5555739772126,-7.850536535462966,False,True,117146.53830451507,117693.35101811665
356,2020-02-19 00:00:00+00:00,TRX,BUY,461206.8408369762,0.020320000126957893,9371.723064361206,,,,,117146.53830451507,117693.35101811665
357,2020-02-19 00:00:00+00:00,VET,BUY,619249.8482777363,0.006492000073194504,4020.17006034475,,,,,117146.53830451507,117693.35101811663
358,2020-02-19 00:00:00+00:00,XLM,SELL,95334.09875617301,0.07072000205516815,6742.027659964159,-373.90038559918867,-5.254414929508862,False,True,117146.53830451507,117319.45063251746
359,2020-02-19 00:00:00+00:00,XRP,SELL,923.6925654492827,0.2776019871234894,256.41889165991466,-16.10181269273636,-5.908473167565305,False,True,117146.53830451507,117303.34881982472
360,2020-02-19 05:00:00+00:00,ZM,SELL,1.0796881601126949,103.93000030517578,112.21199081000705,16.508432956607137,17.249549888098194,True,False,120441.54694513239,117319.85725278135
361,2020-02-19 06:00:00+00:00,VIX,BUY,483.7367220424436,14.380000114440918,6956.134118329614,,,,,117319.85725278135,117319.85725278135
362,2020-02-20 00:00:00+00:00,ADA,BUY,5969.905569874673,0.0582600012421608,347.8067059164811,,,,,116909.95704375229,117319.85725278135
363,2020-02-20 00:00:00+00:00,ALGO,SELL,212.7368426869518,0.4372119903564453,93.01109841330819,20.287006072879848,27.895853244774038,True,False,116909.95704375229,117340.14425885423
364,2020-02-20 00:00:00+00:00,BTC,BUY,0.011005999634659916,9608.4755859375,105.75087878846685,,,,,116909.95704375229,117340.14425885423
365,2020-02-20 00:00:00+00:00,DOGE,BUY,1988.54605414545,0.002658999990671873,5.287543939423341,,,,,116909.95704375229,117340.14425885423
366,2020-02-20 00:00:00+00:00,LINK,BUY,0.061895190554558756,4.271368980407715,0.26437719697116685,,,,,116909.95704375229,117340.14425885423
367,2020-02-20 00:00:00+00:00,XLM,BUY,0.1857390228665939,0.07116899639368057,0.013218859848558376,,,,,116909.95704375229,117340.14425885423
368,2020-02-21 00:00:00+00:00,FIL,SELL,78.53636819641075,5.127295970916748,402.6792042238911,-41.62766203695986,-9.36912417926047,False,True,117363.8274332999,117298.51659681728
369,2020-02-21 00:00:00+00:00,UNI,BUY,232550.7087468896,0.0016449999529868364,382.5459049556889,,,,,117363.8274332999,117298.5165968173
370,2020-02-21 00:00:00+00:00,XRP,BUY,69.56948886439324,0.2749379873275757,19.127295247784467,,,,,117363.8274332999,117298.51659681728
371,2020-02-21 05:00:00+00:00,ROKU,SELL,0.4083967656777833,119.37999725341797,48.754404764918554,-3.316182858998822,-6.368629605162384,False,True,118161.794280303,117295.20041395827
372,2020-02-21 06:00:00+00:00,VIX,SELL,483.7367220424436,17.079999923706055,8262.223175578754,1306.0890572491408,18.776076410136465,True,False,118601.2894712074,118601.28947120743
373,2020-02-22 00:00:00+00:00,ALGO,BUY,17559.891924617143,0.4496830105781555,7896.385066088878,,,,,118514.34678356268,118601.2894712074
374,2020-02-22 00:00:00+00:00,ETC,BUY,41.46205045785353,9.522424697875977,394.8192533044444,,,,,118514.34678356268,118601.2894712074
375,2020-02-23 00:00:00+00:00,ATOM,BUY,4.119446142288758,4.792140007019043,19.740962665222217,,,,,119897.12741980593,118601.2894712074
376,2020-02-23 00:00:00+00:00,MATIC,SELL,2368.7002692142364,0.02229899913072586,52.81964524415837,5.312992693647843,11.183681460188982,True,False,119897.12741980593,118606.60246390106
377,2020-02-23 23:00:00+00:00,AIR,SELL,34.76310121691854,116.2190933227539,4040.136104517396,-296.8872598542125,-6.845415274750971,False,True,118311.07139462691,118309.71520404685
378,2020-02-24 00:00:00+00:00,ATOM,SELL,4.119446142288758,4.3819780349731445,18.05132251176419,-1.6896401534580257,-8.559056526836333,False,True,119021.6061050039,118308.02556389339
379,2020-02-24 00:00:00+00:00,FIL,BUY,773.6936759834231,5.049083232879639,3906.4437667929133,,,,,119021.6061050039,118308.02556389339
380,2020-02-24 00:00:00+00:00,LINK,SELL,0.061895190554558756,3.913672924041748,0.24223753140178114,-0.022139665569385708,-8.374271995856084,False,True,119021.6061050039,118308.00342422783
381,2020-02-24 00:00:00+00:00,UNI,SELL,232550.7087468896,0.0015579999890178442,362.3140016737459,-20.231903281943005,-5.288751760206794,False,True,119021.6061050039,118287.77152094588
382,2020-02-24 05:00:00+00:00,AMD,SELL,0.07272721933143632,49.119998931884766,3.572360935879101,-0.4501816652182784,-11.191470417130336,False,True,115872.85807684589,118287.32133928066
383,2020-02-24 05:00:00+00:00,AMZN,SELL,91.0445299997158,100.4645004272461,9146.743223054867,-686.0660169144394,-6.9773144192165875,False,True,115872.85807684589,117601.25532236623
384,2020-02-24 05:00:00+00:00,ASML,SELL,22.907696969211507,274.7645568847656,6294.223206995888,-415.0621900805745,-6.186384473396165,False,True,115872.85807684589,117186.19313228564
385,2020-02-24 05:00:00+00:00,EFA,SELL,1.155050998259445,54.78312301635742,63.27730092781362,-3.872155313199592,-5.766473073589204,False,True,115872.85807684589,117182.32097697243
386,2020-02-24 05:00:00+00:00,GOOGL,SELL,0.013440922607222306,70.46061706542969,0.9470557008335677,-0.06016400280382184,-5.97327500510073,False,True,115872.85807684589,117182.26081296965
387,2020-02-24 05:00:00+00:00,IBM,SELL,2.9140921380091815,108.65486907958984,316.6302997412497,-18.833970112574036,-5.614299883794125,False,True,115872.85807684589,117163.42684285706
388,2020-02-24 05:00:00+00:00,INTC,SELL,27.298437986739465,54.746280670166016,1494.4879478791604,-87.30961940396128,-5.519645573480261,False,True,115872.85807684589,117076.1172234531
389,2020-02-24 05:00:00+00:00,NVDA,SELL,0.027885788533072144,6.801616668701172,0.1896684441064195,-0.011458685948449815,-5.697235348271405,False,True,115872.85807684589,117076.10576476716
390,2020-02-24 05:00:00+00:00,ROKU,BUY,76.88368098882906,116.98999786376953,8994.621674641849,,,,,115872.85807684589,117076.10576476716
391,2020-02-24 05:00:00+00:00,SHEL,SELL,0.06489706664178642,37.6903076171875,2.4459904051820476,-0.1575389760138215,-6.050977459738124,False,True,115872.85807684589,117075.94822579113
392,2020-02-24 05:00:00+00:00,TSLA,BUY,152.03920859153732,55.58599853515625,8451.251226055509,,,,,115872.85807684589,117075.94822579111
393,2020-02-24 05:00:00+00:00,TTE,SELL,0.12898262521214424,31.556148529052734,4.070194878861566,-0.3011979292072864,-6.890205077231356,False,True,115872.85807684589,117075.64702786192
394,2020-02-24 05:00:00+00:00,ZM,BUY,4.0608440887800725,105.01000213623047,426.4292464376943,,,,,115872.85807684589,117075.64702786191
395,2020-02-24 23:00:00+00:00,AIR,BUY,0.18470660121437116,115.43421936035156,21.3214623218847,,,,,117076.2915544977,117075.64702786191
396,2020-02-25 00:00:00+00:00,ALGO,SELL,17559.891924617143,0.3943899869918823,6925.445547728615,-970.9395183602637,-12.296000134668903,False,True,114783.15531392198,116104.70750950163
397,2020-02-25 00:00:00+00:00,ATOM,BUY,1620.826868465308,4.0598039627075195,6580.239343458277,,,,,114783.15531392198,116104.70750950163
398,2020-02-25 00:00:00+00:00,DOGE,SELL,1988.54605414545,0.0024759999942034483,4.923640018537424,-0.3639039208859174,-6.882286465228026,False,True,114783.15531392198,116104.34360558077
399,2020-02-25 00:00:00+00:00,ETH,SELL,27.470410194450054,247.81759643554688,6807.651027487156,-464.55156356025236,-6.3880448563430825,False,True,114783.15531392198,115639.7920420205
400,2020-02-25 00:00:00+00:00,LINK,BUY,1935.8829043985488,3.51310396194458,6800.957901303323,,,,,114783.15531392198,115639.7920420205
401,2020-02-25 00:00:00+00:00,MATIC,BUY,17777.4931304558,0.019128000363707542,340.0478950651669,,,,,114783.15531392198,115639.7920420205
402,2020-02-25 00:00:00+00:00,TRX,SELL,461206.8408369762,0.01905299909412861,8787.373520672825,-584.3495436883804,-6.235241264336387,False,True,114783.15531392198,115055.44249833214
403,2020-02-25 00:00:00+00:00,UNI,BUY,6395265.727593792,0.001307999948039651,8365.00723939244,,,,,114783.15531392198,115055.44249833211
404,2020-02-25 00:00:00+00:00,XLM,SELL,0.1857390228665939,0.06532499939203262,0.01213340155583698,-0.001085458292721395,-8.211436577412332,False,True,114783.15531392198,115055.44141287381
405,2020-02-25 00:00:00+00:00,XRP,SELL,69.56948886439324,0.25341200828552246,17.62974388852318,-1.497551359261287,-7.829394275883046,False,True,114783.15531392198,115053.94386151455
406,2020-02-25 05:00:00+00:00,ADBE,SELL,0.05455046073260862,347.79998779296875,18.9726495769021,-1.1717444958456937,-5.816727431036907,False,True,111483.18806208533,115052.77211701871
407,2020-02-25 05:00:00+00:00,AMD,BUY,9.523526705898782,47.56999969482422,453.03416249325534,,,,,111483.18806208533,115052.77211701871
408,2020-02-25 05:00:00+00:00,AMZN,BUY,0.2296471697880249,98.63700103759766,22.65170812466278,,,,,111483.18806208533,115052.77211701871
409,2020-02-25 05:00:00+00:00,EFA,BUY,0.021020423389285503,53.8802375793457,1.1325854062331382,,,,,111483.18806208533,115052.77211701871
410,2020-02-25 05:00:00+00:00,IWM,SELL,0.02467785863983748,144.9257049560547,3.5764560601843116,-0.2018067135749524,-5.341256700739224,False,True,111483.18806208533,115052.57031030513
411,2020-02-25 05:00:00+00:00,META,SELL,44.34309189188414,195.405029296875,8664.863170247641,-575.1035677139516,-6.224086991040661,False,True,111483.18806208533,114477.46674259118
412,2020-02-25 05:00:00+00:00,MSFT,SELL,10.24758543119855,159.65084838867188,1636.0357080262424,-112.52141520129703,-6.435100901570869,False,True,111483.18806208533,114364.94532738987
413,2020-02-25 05:00:00+00:00,NFLX,SELL,244.04530971802623,36.00899887084961,8787.82728207255,-520.0606816195341,-5.587311360516697,False,True,111483.18806208533,113844.88464577035
414,2020-02-25 05:00:00+00:00,ORCL,SELL,0.049978041801133875,46.795127868652344,2.3387288567089115,-0.13584500915773612,-5.489632418394605,False,True,111483.18806208533,113844.74880076118
415,2020-02-25 05:00:00+00:00,SAP,SELL,69.48291533326862,115.9070053100586,8053.556636491518,-589.3001732875327,-6.8183493751830175,False,True,111483.18806208533,113255.44862747366
416,2020-02-25 05:00:00+00:00,SHEL,BUY,243.74432353077214,36.590206146240234,8918.655044966827,,,,,111483.18806208533,113255.44862747366
417,2020-02-25 05:00:00+00:00,TTE,BUY,291.4602017541906,30.59990692138672,8918.655044966827,,,,,111483.18806208533,113255.44862747366
418,2020-02-25 05:00:00+00:00,UBER,SELL,218.89299192018632,35.88999938964844,7856.069346413808,-901.8388929082284,-10.297423405957508,False,True,111483.18806208533,112353.60973456543
419,2020-02-25 23:00:00+00:00,ROG,BUY,33.058702907888595,271.888916015625,8988.29489850842,,,,,112353.68623135526,112353.60973456543
420,2020-02-26 00:00:00+00:00,ADA,SELL,5969.905569874673,0.0494530014693737,295.2297489190345,-52.57695699744664,-15.116717447671052,False,True,112298.84107228239,112301.03277756798
421,2020-02-26 00:00:00+00:00,ALGO,BUY,21863.68921070389,0.36820200085639954,8050.254113483647,,,,,112298.84107228239,112301.03277756798
422,2020-02-26 00:00:00+00:00,ATOM,SELL,1620.826868465308,3.666712999343872,5943.1069482875655,-637.1323951707118,-9.682510953102561,False,True,112298.84107228239,111663.90038239727
423,2020-02-26 00:00:00+00:00,BTC,SELL,0.011005999634659916,8820.5224609375,97.0786669825877,-8.672211805879144,-8.200604954996301,False,True,112298.84107228239,111655.22817059139
424,2020-02-26 00:00:00+00:00,DOGE,BUY,2625347.899878875,0.002339000115171075,6140.689040180828,,,,,112298.84107228239,111655.22817059139
425,2020-02-26 00:00:00+00:00,ETC,SELL,41.46205045785353,7.680284023284912,318.44032370408536,-76.37892960035902,-19.345290018433666,False,True,112298.84107228239,111578.84924099104
426,2020-02-26 00:00:00+00:00,ETH,BUY,2.700957273441393,225.68026733398438,609.5527595279231,,,,,112298.84107228239,111578.84924099104
427,2020-02-26 00:00:00+00:00,FIL,SELL,773.6936759834231,6.345773220062256,4909.684609587131,1003.2408427942173,25.681691653220735,True,False,112298.84107228239,112582.09008378524
428,2020-02-26 00:00:00+00:00,LTC,SELL,12.970868653538476,61.01430892944336,791.4085871102296,-158.72446389998117,-16.705498638450734,False,True,112298.84107228239,112423.36561988527
429,2020-02-26 00:00:00+00:00,VET,SELL,619249.8482777363,0.005584000144153833,3457.891242050119,-562.2788182946306,-13.986443604488025,False,True,112298.84107228239,111861.08680159063
430,2020-02-26 00:00:00+00:00,XRP,BUY,35660.970939474144,0.23085099458694458,8232.370609313733,,,,,112298.84107228239,111861.08680159063
431,2020-02-26 05:00:00+00:00,ADBE,BUY,2.5922490619671934,351.3399963378906,910.7607759384541,,,,,110197.9373701338,111861.08680159063
432,2020-02-26 05:00:00+00:00,ASML,BUY,0.1680964632599597,270.9042053222656,45.5380387969228,,,,,110197.9373701338,111861.08680159063
433,2020-02-26 05:00:00+00:00,IWM,BUY,0.015894874315473893,143.24755859375,2.2769019398461383,,,,,110197.9373701338,111861.08680159063
434,2020-02-26 05:00:00+00:00,NVDA,BUY,0.017090026491286058,6.661493301391602,0.11384509699230709,,,,,110197.9373701338,111861.08680159063
435,2020-02-26 05:00:00+00:00,TSLA,SELL,152.03920859153732,51.91999816894531,7893.875431680512,-557.375794374997,-6.595186670780624,False,True,110197.9373701338,111303.71100721564
436,2020-02-26 05:00:00+00:00,UBER,BUY,217.68322746798876,34.45000076293945,7499.187352351335,,,,,110197.9373701338,111303.71100721564
437,2020-02-26 05:00:00+00:00,USO,SELL,0.009760948469592561,81.5199966430664,0.7957124864743298,-0.0429481881602326,-5.121044715605251,False,True,110197.9373701338,111303.66805902748
438,2020-02-26 05:00:00+00:00,VTI,SELL,0.12327050777827703,145.03524780273438,17.878568642391304,-0.9605247145161684,-5.098571870307049,False,True,110197.9373701338,111302.70753431295
439,2020-02-26 23:00:00+00:00,AIR,SELL,0.18470660121437116,107.45453643798828,19.847562210526615,-1.473900111358084,-6.912753398931971,False,True,111063.71108981551,111301.2336342016
440,2020-02-27 00:00:00+00:00,ADA,BUY,8283.286855482063,0.049685001373291016,411.55511878998976,,,,,111691.31157701985,111301.2336342016
441,2020-02-27 00:00:00+00:00,ETC,BUY,2.677754907580205,7.684704780578613,20.577755939499443,,,,,111691.31157701985,111301.2336342016
442,2020-02-27 00:00:00+00:00,FIL,BUY,0.18385613258782516,5.596157073974609,1.0288877969749715,,,,,111691.31157701985,111301.23363420159
443,2020-02-27 00:00:00+00:00,LINK,SELL,1935.8829043985488,3.9485950469970703,7644.017647874412,843.0597465710898,12.396191224908588,True,False,111691.31157701985,112144.2933807727
444,2020-02-27 00:00:00+00:00,LTC,BUY,118.064020772631,61.50788497924805,7261.868209870539,,,,,111691.31157701985,112144.2933807727
445,2020-02-27 00:00:00+00:00,UNI,SELL,6395265.727593792,0.001184999942779541,7578.389521258603,-786.6177181338371,-9.403670500480882,False,True,111691.31157701985,111357.67566263885
446,2020-02-27 00:00:00+00:00,VET,BUY,1307497.1838565057,0.005783999804407358,7562.5634556892,,,,,111691.31157701985,111357.67566263887
447,2020-02-27 05:00:00+00:00,AAPL,SELL,114.13818706324646,66.08951568603516,7543.3375042920425,-705.1929033889546,-8.549315678490824,False,True,108012.40547145407,110652.4827592499
448,2020-02-27 05:00:00+00:00,AMD,SELL,9.523526705898782,44.0099983215332,419.130394341682,-33.90376815157333,-7.483711154360921,False,True,108012.40547145407,110618.57899109833
449,2020-02-27 05:00:00+00:00,CRM,SELL,49.942680761543144,170.0834503173828,8494.423462022834,-491.95095162375037,-5.4744096893701695,False,True,108012.40547145407,110126.62803947458
450,2020-02-27 05:00:00+00:00,GOOGL,BUY,132.41996064043187,65.25445556640625,8640.992437716326,,,,,108012.40547145407,110126.62803947458
451,2020-02-27 05:00:00+00:00,IBM,BUY,79.00318329253574,98.77111053466797,7803.232149577681,,,,,108012.40547145407,110126.62803947458
452,2020-02-27 05:00:00+00:00,MSFT,BUY,2.596641875951655,150.2562255859375,390.16160747888387,,,,,108012.40547145407,110126.62803947458
453,2020-02-27 05:00:00+00:00,NFLX,BUY,0.5248198762793933,37.17100143432617,19.508080373944214,,,,,108012.40547145407,110126.62803947458
454,2020-02-27 05:00:00+00:00,NVDA,SELL,0.017090026491286058,6.290677070617676,0.10750783778498185,-0.006337259207325238,-5.56656314127737,False,True,108012.40547145407,110126.62170221537
455,2020-02-27 05:00:00+00:00,PYPL,SELL,73.83332648683917,107.59127044677734,7943.821398030722,-500.9092565805395,-5.931619101516483,False,True,108012.40547145407,109625.71244563485
456,2020-02-27 05:00:00+00:00,QQQ,SELL,0.08948709667802902,198.42910766601562,17.75684474144377,-0.9938753526405364,-5.300464982964018,False,True,108012.40547145407,109624.7185702822
457,2020-02-27 05:00:00+00:00,ROKU,SELL,76.88368098882906,110.02999877929688,8459.51132534871,-535.1103492931379,-5.949225755672988,False,True,108012.40547145407,109089.60822098907
458,2020-02-27 05:00:00+00:00,SAP,BUY,76.3251073667955,113.21297454833984,8640.992437716326,,,,,108012.40547145407,109089.60822098906
459,2020-02-27 05:00:00+00:00,SPY,SELL,1.8905112766616077,272.6273498535156,515.4050792244406,-50.481808914871976,-8.920830288339204,False,True,108012.40547145407,109039.12641207421
460,2020-02-27 05:00:00+00:00,UBER,SELL,217.68322746798876,32.45000076293945,7063.820897415358,-435.36645493597734,-5.805515110906921,False,True,108012.40547145407,108603.75995713822
461,2020-02-27 05:00:00+00:00,USO,BUY,110.44213539936325,78.23999786376953,8640.992437716326,,,,,108012.40547145407,108603.75995713822
462,2020-02-27 23:00:00+00:00,ROG,SELL,33.058702907888595,254.277587890625,8406.087234210703,-582.2076642977172,-6.477398337189991,False,True,108018.21553652777,108021.5522928405
463,2020-02-28 00:00:00+00:00,ALGO,SELL,21863.68921070389,0.34835898876190186,7616.412664045311,-433.841449438336,-5.389164656450783,False,True,107380.63125330835,107587.71084340216
464,2020-02-28 00:00:00+00:00,BTC,BUY,0.9905442487598264,8672.455078125,8590.45050026467,,,,,107380.63125330835,107587.71084340215
465,2020-02-28 00:00:00+00:00,FIL,SELL,0.18385613258782516,4.214341163635254,0.7748324677516526,-0.25405532922331886,-24.692228829058507,False,True,107380.63125330835,107587.45678807293
466,2020-02-28 00:00:00+00:00,UNI,BUY,8590450.092240185,0.0010000000474974513,8590.45050026467,,,,,107380.63125330835,107587.45678807293
467,2020-02-28 00:00:00+00:00,XLM,BUY,90622.53330739874,0.05830499902367592,5283.746716010922,,,,,107380.63125330835,107587.45678807294
468,2020-02-28 05:00:00+00:00,CRM,BUY,1.5692328978076584,168.3544464111328,264.18733580054607,,,,,106714.128863477,107587.45678807294
469,2020-02-28 05:00:00+00:00,IWM,SELL,0.015894874315473893,135.67259216308594,2.156498800486799,-0.12040313935933922,-5.28802480476939,False,True,106714.128863477,107587.33638493359
470,2020-02-28 05:00:00+00:00,META,BUY,0.07982865950093451,191.13487243652344,15.258040650489782,,,,,106714.128863477,107587.33638493359
471,2020-02-28 05:00:00+00:00,NVDA,BUY,0.11343012020232109,6.725744724273682,0.7629020325244906,,,,,106714.128863477,107587.33638493359
472,2020-02-28 05:00:00+00:00,TLT,SELL,6.812249228449439,130.5811309814453,889.551208778406,96.28138640930945,12.137280871439877,True,False,106714.128863477,107683.61777134289
473,2020-02-28 06:00:00+00:00,VIX,BUY,21.069852420371344,40.11000061035156,845.1117934411119,,,,,107683.61777134289,107683.61777134289
474,2020-02-29 00:00:00+00:00,ALGO,BUY,126.48684968993834,0.33407101035118103,42.25558967205567,,,,,108398.11508089755,107683.61777134289
475,2020-02-29 00:00:00+00:00,LINK,BUY,0.5142408162726009,4.108541011810303,2.1127794836027878,,,,,108398.11508089755,107683.61777134289
476,2020-02-29 00:00:00+00:00,TRX,BUY,6.352695824269059,0.016628999263048172,0.10563897418013939,,,,,108398.11508089755,107683.61777134289
477,2020-02-29 00:00:00+00:00,UNI,SELL,8590450.092240185,0.0011919999960809946,10239.816476284279,1649.3659760196097,19.199993946403545,True,False,108398.11508089755,109332.98374736251
478,2020-03-01 00:00:00+00:00,ADA,SELL,8283.286855482063,0.04593199864029884,380.46792058320744,-31.08719820678232,-7.5535928937493395,False,True,107880.28598637345,109301.89654915573
479,2020-03-01 00:00:00+00:00,ATOM,BUY,2335.3721709098854,3.3682749271392822,7866.175528814601,,,,,107880.28598637345,109301.89654915573
480,2020-03-01 00:00:00+00:00,LINK,SELL,0.5142408162726009,3.879533052444458,1.995014243645573,-0.11776523995721488,-5.573948482138673,False,True,107880.28598637345,109301.77878391577
481,2020-03-01 00:00:00+00:00,LTC,SELL,118.064020772631,57.956687927246094,6842.599607355275,-419.2686025152643,-5.773563914935586,False,True,107880.28598637345,108882.5101814005
482,2020-03-01 00:00:00+00:00,VET,SELL,1307497.1838565057,0.005437000188976526,7108.862435714097,-453.701019975103,-5.99930199109656,False,True,107880.28598637345,108428.80916142541
483,2020-03-01 23:00:00+00:00,AIR,BUY,86.25929522945665,100.55876922607422,8674.128562582737,,,,,108426.6070322842,108428.80916142541
484,2020-03-01 23:00:00+00:00,ROG,BUY,29.536688239931202,258.38275146484375,7631.770776592717,,,,,108426.6070322842,108428.80916142541
485,2020-03-02 00:00:00+00:00,ADA,BUY,7794.997962829223,0.04895300045609474,381.58853882963655,,,,,109810.27065787873,108428.80916142541
486,2020-03-02 00:00:00+00:00,ALGO,SELL,126.48684968993834,0.3734390139579773,47.23512442686146,4.97953475480579,11.78432201148252,True,False,109810.27065787873,108433.78869618021
487,2020-03-02 00:00:00+00:00,FIL,BUY,15.458797310812576,4.136983871459961,63.952795147000245,,,,,109810.27065787873,108433.78869618021
488,2020-03-02 00:00:00+00:00,LINK,BUY,0.7586321654035236,4.2150068283081055,3.197639757350016,,,,,109810.27065787873,108433.7886961802
489,2020-03-02 00:00:00+00:00,MATIC,SELL,17777.4931304558,0.02123199962079525,377.45172740452773,37.403832339360804,10.999577671901987,True,False,109810.27065787873,108471.19252851958
490,2020-03-02 00:00:00+00:00,UNI,BUY,320875.68721831765,0.0011180000146850944,358.73902302216885,,,,,109810.27065787873,108471.19252851958
491,2020-03-02 00:00:00+00:00,VET,BUY,3092.577824003328,0.005799999926239252,17.93695115110845,,,,,109810.27065787873,108471.19252851956
492,2020-03-02 05:00:00+00:00,AMD,BUY,0.018896914767300124,47.459999084472656,0.8968475575554217,,,,,109200.75855153937,108471.19252851956
493,2020-03-02 06:00:00+00:00,VIX,SELL,21.069852420371344,33.41999816894531,704.1544293087583,-140.95736413235363,-16.67913821891017,False,True,108330.23516438721,108330.23516438721
494,2020-03-03 00:00:00+00:00,ALGO,BUY,1805.5916249410427,0.370510995388031,668.991550221198,,,,,109611.23851738773,108330.23516438721
495,2020-03-03 00:00:00+00:00,ETC,SELL,2.677754907580205,8.497455596923828,22.75410342660766,2.1763474871082167,10.576213915195053,True,False,109611.23851738773,108332.41151187432
496,2020-03-03 00:00:00+00:00,LTC,BUY,0.9005878814864416,61.14447784423828,55.065975766337225,,,,,109611.23851738773,108332.41151187432
497,2020-03-03 00:00:00+00:00,MATIC,BUY,117.28142297103868,0.023476000875234604,2.753298788316864,,,,,109611.23851738773,108332.41151187432
498,2020-03-03 05:00:00+00:00,ZM,SELL,4.0608440887800725,117.47000122070312,477.0273600660802,50.598113628385875,11.865535502330697,True,False,107808.64004668465,108383.0096255027
499,2020-03-03 06:00:00+00:00,VIX,BUY,12.311614903840269,36.81999969482422,453.31365700219203,,,,,108383.0096255027,108383.0096255027
500,2020-03-04 00:00:00+00:00,ATOM,SELL,2335.3721709098854,3.742063045501709,8739.109898254983,872.9343694403815,11.097316176618918,True,False,109701.376266864,109255.94399494308
501,2020-03-04 00:00:00+00:00,ETC,BUY,1046.8007492919626,7.952630996704102,8324.820086192341,,,,,109701.376266864,109255.94399494308
502,2020-03-04 00:00:00+00:00,LINK,SELL,0.7586321654035236,4.644871234893799,3.5237487229480213,0.3261089655980052,10.198427288390418,True,False,109701.376266864,109256.27010390868
503,2020-03-04 05:00:00+00:00,INTC,BUY,8.066521357342447,52.016048431396484,419.58856559641885,,,,,109983.24398804337,109256.27010390868
504,2020-03-04 05:00:00+00:00,IWM,BUY,0.148708020479857,141.07798767089844,20.97942827982098,,,,,109983.24398804337,109256.27010390868
505,2020-03-04 05:00:00+00:00,ROKU,BUY,0.009570033830398356,109.61000061035156,1.0489714139910489,,,,,109983.24398804337,109256.27010390867
506,2020-03-04 06:00:00+00:00,VIX,SELL,12.311614903840269,31.989999771118164,393.8485579559452,-59.46509904624685,-13.117870623950626,False,True,109196.80500486243,109196.80500486243
507,2020-03-05 00:00:00+00:00,LINK,BUY,79.26042292592238,4.721253871917725,374.2085786288474,,,,,110764.03564982445,109196.80500486243
508,2020-03-05 00:00:00+00:00,MATIC,SELL,117.28142297103868,0.02642899937927723,3.0996306549023314,0.34633186658546755,12.578797043570628,True,False,110764.03564982445,109197.151336729
509,2020-03-05 00:00:00+00:00,UNI,SELL,320875.68721831765,0.0010369999799877405,332.7480812239479,-25.990941798220945,-7.245083509249227,False,True,110764.03564982445,109171.16039493079
510,2020-03-05 05:00:00+00:00,AAPL,BUY,4.772247892448198,70.7770767211914,337.7657552163501,,,,,108025.71329257658,109171.16039493079
511,2020-03-05 05:00:00+00:00,ORCL,BUY,0.3831537406543626,44.07705307006836,16.888287760817548,,,,,108025.71329257658,109171.1603949308
512,2020-03-05 05:00:00+00:00,TSLA,BUY,0.017481734716314153,48.30266571044922,0.8444143880408773,,,,,108025.71329257658,109171.1603949308
513,2020-03-05 23:00:00+00:00,AIR,SELL,86.25929522945665,92.97154235839844,8019.659720231026,-654.4688423517109,-7.545067353219419,False,True,108523.38062593577,108516.6915525791
514,2020-03-06 00:00:00+00:00,MATIC,BUY,306662.3297121606,0.02484400011599064,7618.718954938877,,,,,110433.98309369225,108516.69155257908
515,2020-03-06 05:00:00+00:00,EEM,SELL,0.022043173233014038,35.139671325683594,0.7745898623832195,-0.047289764158155,-5.753855264323719,False,True,105695.11847088602,108516.64426281492
516,2020-03-06 05:00:00+00:00,IWM,SELL,0.148708020479857,133.88311767578125,19.909493405237185,-1.0699348745837938,-5.099923888835944,False,True,105695.11847088602,108515.57432794035
517,2020-03-06 05:00:00+00:00,META,SELL,0.07982865950093451,179.8337860107422,14.355890070215459,-0.9021505802743235,-5.9126240448531275,False,True,105695.11847088602,108514.67217736007
518,2020-03-06 05:00:00+00:00,PYPL,BUY,3.7440843397597465,110.63423919677734,414.223922417888,,,,,105695.11847088602,108514.67217736007
519,2020-03-06 05:00:00+00:00,QQQ,BUY,0.10318161347720449,200.72564697265625,20.711196120894417,,,,,105695.11847088602,108514.67217736007
520,2020-03-06 05:00:00+00:00,ROKU,SELL,0.009570033830398356,102.0199966430664,0.9763348192512723,-0.07263659473977657,-6.924554260579345,False,True,105695.11847088602,108514.59954076534
521,2020-03-06 05:00:00+00:00,SHEL,SELL,243.74432353077214,33.377601623535156,8135.600928808179,-783.054116158648,-8.77995742867708,False,True,105695.11847088602,107731.54542460668
522,2020-03-06 05:00:00+00:00,TLT,BUY,55.05336398117895,140.4234619140625,7730.783960252102,,,,,105695.11847088602,107731.54542460668
523,2020-03-06 05:00:00+00:00,UBER,BUY,12.201363456093627,31.68000030517578,386.53919801260673,,,,,105695.11847088602,107731.54542460668
524,2020-03-06 05:00:00+00:00,USO,SELL,110.44213539936325,69.83999633789062,7713.27833184035,-927.7141058759762,-10.736198562409065,False,True,105695.11847088602,106803.8313187307
525,2020-03-06 05:00:00+00:00,ZM,BUY,64.26645726698328,114.31999969482422,7346.941375148962,,,,,105695.11847088602,106803.8313187307
526,2020-03-06 06:00:00+00:00,VIX,BUY,8.758871740246272,41.939998626708984,367.34706875744877,,,,,106803.8313187307,106803.83131873069
527,2020-03-07 00:00:00+00:00,ALGO,SELL,1805.5916249410427,0.3392390012741089,612.5270995538947,-56.46445066730337,-8.440233759101103,False,True,107859.98859190283,106747.36686806339
528,2020-03-07 00:00:00+00:00,LINK,SELL,79.26042292592238,4.344593048095703,344.3542824330877,-29.85429619575973,-7.977982841855215,False,True,107859.98859190283,106717.51257186763
529,2020-03-08 00:00:00+00:00,ADA,SELL,7794.997962829223,0.04329099878668785,337.45324735107414,-44.13529147856241,-11.566199449786668,False,True,101541.75185960722,106673.37728038906
530,2020-03-08 00:00:00+00:00,ALGO,BUY,4254.311642992618,0.29334598779678345,1247.9852513090261,,,,,101541.75185960722,106673.37728038906
531,2020-03-08 00:00:00+00:00,ATOM,BUY,20.097720242059207,3.104793071746826,62.39926256545137,,,,,101541.75185960722,106673.37728038906
532,2020-03-08 00:00:00+00:00,BTC,SELL,0.9905442487598264,8108.1162109375,8031.4478810204555,-559.0026192442137,-6.507256158765958,False,True,101541.75185960722,106114.37466114487
533,2020-03-08 00:00:00+00:00,DOGE,SELL,2625347.899878875,0.0021869998890906572,5741.635565859489,-399.0534743213384,-6.49851297973537,False,True,101541.75185960722,105715.32118682352
534,2020-03-08 00:00:00+00:00,ETC,SELL,1046.8007492919626,6.4937849044799805,6797.698903750479,-1527.1211824418624,-18.344194428595113,False,True,101541.75185960722,104188.20000438167
535,2020-03-08 00:00:00+00:00,ETH,SELL,2.700957273441393,200.68905639648438,542.0525665741744,-67.50019295374864,-11.07372444774512,False,True,101541.75185960722,104120.69981142791
536,2020-03-08 00:00:00+00:00,LINK,BUY,1986.306448787456,4.0896711349487305,8123.340148768578,,,,,101541.75185960722,104120.69981142791
537,2020-03-08 00:00:00+00:00,LTC,SELL,0.9005878814864416,51.728599548339844,46.586149879499885,-8.47982588683734,-15.399392762638017,False,True,101541.75185960722,104112.21998554107
538,2020-03-08 00:00:00+00:00,MATIC,SELL,306662.3297121606,0.02149300090968609,6591.093731469922,-1027.6252234689546,-13.488162899128742,False,True,101541.75185960722,103084.59476207213
539,2020-03-08 00:00:00+00:00,TRX,SELL,6.352695824269059,0.014866000041365623,0.09443917638636705,-0.011199797793772337,-10.601956219940226,False,True,101541.75185960722,103084.58356227432
540,2020-03-08 00:00:00+00:00,UNI,BUY,8651054.559360208,0.0009389999904669821,8123.340148768578,,,,,101541.75185960722,103084.5835622743
541,2020-03-08 00:00:00+00:00,VET,SELL,3092.577824003328,0.004755000118166208,14.705207918574018,-3.2317432325344306,-18.017238299356794,False,True,101541.75185960722,103081.35181904178
542,2020-03-08 00:00:00+00:00,XLM,SELL,90622.53330739874,0.05074400082230568,4598.549904670065,-685.1968113408566,-12.968010167189858,False,True,101541.75185960722,102396.15500770093
543,2020-03-08 00:00:00+00:00,XRP,SELL,35660.970939474144,0.20690399408340454,7378.39732026942,-853.9732890443138,-10.373358168279825,False,True,101541.75185960722,101542.18171865663
544,2020-03-08 23:00:00+00:00,AIR,BUY,96.23674260147567,84.08551025390625,8092.115606818918,,,,,101151.44508523648,101542.18171865663
545,2020-03-08 23:00:00+00:00,NESN,SELL,0.7934200066435564,82.89234924316406,65.76844828721123,-3.9342850166161014,-5.644376956448668,False,True,101151.44508523648,101538.24743364
546,2020-03-08 23:00:00+00:00,ROG,SELL,29.536688239931202,245.28709411621094,7244.968428189186,-386.80234840353114,-5.068317166834812,False,True,101151.44508523648,101151.44508523647
547,2020-03-09 00:00:00+00:00,ADA,BUY,189929.7604139913,0.041482001543045044,7878.666614563362,,,,,100926.66338291972,101151.44508523647
548,2020-03-09 00:00:00+00:00,ALGO,SELL,4254.311642992618,0.27422600984573364,1166.6429064981128,-81.34234481091335,-6.5178931181752695,False,True,100926.66338291972,101070.10274042556
549,2020-03-09 00:00:00+00:00,BTC,BUY,1.0189923385369029,7923.64453125,8074.133070633579,,,,,100926.66338291972,101070.10274042556
550,2020-03-09 00:00:00+00:00,MATIC,BUY,368574.25872039184,0.02044299989938736,7534.763533937741,,,,,100926.66338291972,101070.10274042556
551,2020-03-09 00:00:00+00:00,TRX,BUY,25135.987951771953,0.014987999573349953,376.7381766968876,,,,,100926.66338291972,101070.10274042557
552,2020-03-09 00:00:00+00:00,VET,BUY,4043.122865388708,0.004658999852836132,18.83690883484439,,,,,100926.66338291972,101070.10274042557
553,2020-03-09 00:00:00+00:00,XLM,BUY,18.140320364601614,0.051920000463724136,0.9418454417422202,,,,,100926.66338291972,101070.10274042556
554,2020-03-09 00:00:00+00:00,XRP,BUY,0.22512691414469727,0.20918099582195282,0.04709227208711105,,,,,100926.66338291972,101070.10274042556
555,2020-03-09 05:00:00+00:00,VIX,SELL,8.758871740246272,54.459999084472656,477.0081469548254,109.66107819737664,29.85217183529058,True,False,101179.76381862295,101179.76381862293
556,2020-03-10 00:00:00+00:00,UNI,SELL,8651054.559360208,0.0010489999549463391,9074.95584300718,951.6156942386015,11.714586325464378,True,False,102174.4909043342,102131.37951286155
557,2020-03-11 00:00:00+00:00,FIL,SELL,15.458797310812576,3.866791009902954,59.77593846536203,-4.176856681638213,-6.531155787698409,False,True,100671.02316865246,102127.20265617991
558,2020-03-11 00:00:00+00:00,LINK,SELL,1986.306448787456,3.817517042160034,7582.75871919849,-540.5814295700875,-6.654669380698462,False,True,100671.02316865246,101586.62122660982
559,2020-03-11 00:00:00+00:00,MATIC,SELL,368574.25872039184,0.018957000225782394,6987.062305780047,-547.7012281576945,-7.268990270109518,False,True,100671.02316865246,101038.91999845213
560,2020-04-14 04:00:00+00:00,AMD,SELL,0.018896914767300124,54.93000030517578,1.0380075339346766,0.14115997637925493,15.739573040040508,True,False,100051.5045397316,101039.0611584285
561,2020-04-14 04:00:00+00:00,AMZN,SELL,0.2296471697880249,114.16600036621094,26.217898870118958,3.566190745456179,15.743584218151627,True,False,100051.5045397316,101042.62734917397
562,2020-04-14 04:00:00+00:00,CRM,SELL,1.5692328978076584,155.81678771972656,244.51282932050728,-19.674506480038787,-7.44718001732395,False,True,100051.5045397316,101022.95284269394
563,2020-04-14 04:00:00+00:00,EFA,SELL,0.021020423389285503,46.832759857177734,0.9844444406866101,-0.14814096554652811,-13.079893554273283,False,True,100051.5045397316,101022.80470172838
564,2020-04-14 04:00:00+00:00,GLD,SELL,0.13698758385410595,162.67999267578125,22.285139138058927,2.5657768603133064,13.011459621130477,True,False,100051.5045397316,101025.3704785887
565,2020-04-14 04:00:00+00:00,IBM,SELL,79.00318329253574,91.94446563720703,7263.905471470521,-539.3266781071607,-6.911580583135023,False,True,100051.5045397316,100486.04380048154
566,2020-04-14 04:00:00+00:00,NFLX,SELL,0.5248198762793933,41.35499954223633,21.703925743290835,2.195845369346621,11.256081209709807,True,False,100051.5045397316,100488.23964585089
567,2020-04-14 04:00:00+00:00,ORCL,SELL,0.3831537406543626,49.822242736816406,19.089578672400854,2.201290911583307,13.034423280556087,True,False,100051.5045397316,100490.44093676248
568,2020-04-14 04:00:00+00:00,TTE,SELL,291.4602017541906,25.028724670410156,7294.877142087832,-1623.7779028789946,-18.206533324723225,False,True,100051.5045397316,98866.66303388348
569,2020-04-14 04:00:00+00:00,UBER,SELL,12.201363456093627,27.75,338.5878359065982,-47.95136210600856,-12.405303874109206,False,True,100051.5045397316,98818.71167177748
570,2020-04-14 04:00:00+00:00,ZM,SELL,64.26645726698328,141.88999938964844,9118.767582387125,1771.826207238163,24.116514842916363,True,False,100051.5045397316,100590.53787901564
571,2020-04-15 04:00:00+00:00,ADBE,SELL,2.5922490619671934,332.54998779296875,862.0523939135248,-48.70838202492928,-5.348098349398043,False,True,99827.13278291211,100541.82949699071
572,2020-04-16 04:00:00+00:00,MSFT,SELL,2.596641875951655,168.1714630126953,436.6810631988196,46.519455719935706,11.923124886769749,True,False,99992.69288897318,100588.34895271063
573,2020-04-20 04:00:00+00:00,AAPL,SELL,4.772247892448198,66.91346740722656,319.32765381053815,-18.43810140581195,-5.458842739697438,False,True,100192.50044731847,100569.91085130483
574,2020-04-22 04:00:00+00:00,SAP,SELL,76.3251073667955,106.2193603515625,8107.204083265349,-533.7883544509768,-6.177396384714907,False,True,99832.32392402164,100036.12249685383
575,2020-04-24 00:00:00+00:00,ATOM,SELL,20.097720242059207,2.7565441131591797,55.40025242116839,-6.999010144282984,-11.216494965692316,False,True,99696.2052397606,100029.12348670956
576,2020-04-24 00:00:00+00:00,TRX,SELL,25135.987951771953,0.014019000343978405,352.38142374212805,-24.356752954759543,-6.465167180112003,False,True,99696.2052397606,100004.7667337548
577,2020-04-24 00:00:00+00:00,VET,SELL,4043.122865388708,0.004108999855816364,16.613191270930045,-2.223717563914345,-11.805108701279728,False,True,99696.2052397606,100002.54301619087
578,2020-04-24 00:00:00+00:00,XLM,SELL,18.140320364601614,0.061611998826265335,1.1176613970119118,0.17581595526969163,18.667176956812394,True,False,99696.2052397606,100002.71883214616
579,2020-04-24 00:00:00+00:00,XRP,SELL,0.22512691414469727,0.19366499781608582,0.04359920333617494,-0.003493068750936114,-7.417498872160283,False,True,99696.2052397606,100002.71533907739
580,2020-04-26 00:00:00+00:00,ADA,SELL,189929.7604139913,0.045878998935222626,8713.787275800594,835.1206612372325,10.599771536132135,True,False,100589.4287547245,100837.83600031464
581,2020-04-27 04:00:00+00:00,NVDA,SELL,0.11343012020232109,7.398394584655762,0.8392007870417044,0.0762987545172138,10.001120886352398,True,False,100644.16977489469,100837.91229906915
582,2020-04-27 04:00:00+00:00,TSLA,SELL,0.017481734716314153,53.25,0.9309023736437286,0.08648798560285131,10.242362852616921,True,False,100644.16977489469,100837.99878705473
583,2020-04-28 04:00:00+00:00,GOOGL,SELL,132.41996064043187,61.167335510253906,8099.776160747912,-541.2162769684137,-6.263357836145131,False,True,100460.41288502344,100296.78251008633
584,2020-04-29 00:00:00+00:00,BTC,SELL,1.0189923385369029,8801.0380859375,8968.1903807418,894.0573101082209,11.073105958087263,True,False,101190.83982019455,101190.83982019455
585,2020-04-29 04:00:00+00:00,PYPL,SELL,3.7440843397597465,123.29497528076172,461.62678611976503,47.40286370187704,11.44377741999528,True,False,101365.93633325379,101238.24268389643
586,2020-05-20 04:00:00+00:00,ASML,SELL,0.1680964632599597,309.66729736328125,52.05397747403782,6.515938677115024,14.308781952979787,True,False,101180.71437401822,101244.75862257354
587,2020-05-20 04:00:00+00:00,QQQ,SELL,0.10318161347720449,223.7519989013672,23.08709226539275,2.375896144498334,11.471554470489611,True,False,101180.71437401822,101247.13451871804
588,2020-06-04 04:00:00+00:00,TLT,SELL,55.05336398117895,132.9245147705078,7317.941693682364,-412.84226656973806,-5.340238049496279,False,True,100867.5111720268,100834.29225214831
589,2020-06-04 22:00:00+00:00,AIR,SELL,96.23674260147567,75.66667938232422,7281.914747225122,-810.2008595937968,-10.012225466861489,False,True,100024.09139255452,100024.09139255452
590,2020-06-05 04:00:00+00:00,INTC,SELL,8.066521357342447,57.35544967651367,462.6589597755775,43.070394179158654,10.26491132281853,True,False,100067.16178673368,100067.16178673368
