date,open,high,low,close,volume
2020-01-02,61.599998,61.599998,60.639999,61.18,486873.0
2020-01-03,61.18,64.089996,61.130001,63.049999,885861.0
2020-01-06,63.709999,64.720001,62.639999,63.27,724236.0
2020-01-07,62.91,63.150002,62.110001,62.700001,582649.0
2020-01-08,62.84,65.650002,59.150002,59.610001,1205710.0
2020-01-09,59.990002,60.310001,58.66,59.560001,750933.0
2020-01-10,59.610001,59.779999,58.849998,59.040001,596186.0
2020-01-13,59.040001,59.27,57.91,58.080002,584002.0
2020-01-14,58.029999,58.720001,57.720001,58.23,507714.0
2020-01-15,58.200001,58.360001,57.360001,57.810001,433169.0
2020-01-16,58.099998,58.869999,57.560001,58.52,182871.0
2020-01-17,58.59,58.98,58.27,58.540001,122561.0
2020-01-21,59.169998,59.73,57.68,58.34,648335.0
2020-01-22,58.259998,58.380001,56.029999,56.740002,620119.0
2020-01-23,56.110001,56.27,54.77,55.59,703995.0
2020-01-24,55.689999,55.950001,53.849998,54.189999,586195.0
2020-01-27,53.700001,53.709999,52.130001,53.139999,712880.0
2020-01-28,52.77,54.060001,52.68,53.48,633963.0
2020-01-29,53.970001,54.369999,52.810001,53.330002,624979.0
2020-01-30,53.09,53.200001,51.66,52.139999,720123.0
2020-01-31,52.919998,53.360001,50.970001,51.560001,827907.0
2020-02-03,51.009998,51.970001,49.799999,50.110001,876044.0
2020-02-04,49.939999,51.549999,49.310001,49.610001,859357.0
2020-02-05,49.509998,51.880001,49.470001,50.75,887946.0
2020-02-06,51.169998,52.200001,50.240002,50.950001,750659.0
2020-02-07,51.110001,51.48,50.09,50.32,768345.0
2020-02-10,50.119999,50.490002,49.419998,49.57,715894.0
2020-02-11,49.610001,50.689999,49.580002,49.939999,725733.0
2020-02-12,49.959999,51.73,49.950001,51.169998,795256.0
2020-02-13,51.720001,51.959999,50.599998,51.419998,745400.0
2020-02-14,51.509998,52.34,51.32,52.049999,607343.0
2020-02-18,52.23,52.41,50.880001,52.049999,221774.0
2020-02-19,52.119999,53.66,51.93,53.290001,113683.0
2020-02-20,53.5,54.5,53.220001,53.779999,676179.0
2020-02-21,53.740002,53.860001,52.549999,53.380001,707555.0
2020-02-24,52.599998,52.639999,50.450001,51.43,765515.0
2020-02-25,51.369999,52.02,49.689999,49.900002,764989.0
2020-02-26,50.080002,50.439999,48.299999,48.73,884482.0
2020-02-27,48.630001,48.779999,45.880001,47.09,1011915.0
2020-02-28,46.490002,47.029999,43.849998,44.759998,1101659.0
2020-03-02,43.700001,47.560001,43.32,46.75,949471.0
2020-03-03,47.720001,48.66,46.470001,47.18,1011933.0
2020-03-04,46.939999,48.41,46.650002,46.779999,745856.0
2020-03-05,47.130001,47.57,45.650002,45.900002,704591.0
2020-03-06,46.09,46.380001,41.049999,41.279999,1276180.0
2020-03-09,32.869999,34.880001,27.34,31.129999,1774383.0
2020-03-10,30.370001,35.02,30.200001,34.360001,1064632.0
2020-03-11,34.619999,36.349998,32.560001,32.98,874646.0
2020-03-12,33.07,33.630001,30.02,31.5,1025036.0
2020-03-13,30.77,33.869999,30.33,31.73,743129.0
2020-03-16,33.75,33.75,28.1,28.700001,698829.0
2020-03-17,28.690001,30.299999,26.629999,26.950001,545820.0
2020-03-18,26.940001,27.219999,20.059999,20.370001,309481.0
2020-03-19,22.299999,27.709999,21.360001,25.219999,136722.0
2020-03-20,24.73,27.889999,19.459999,22.43,1133808.0
2020-03-23,22.52,24.07,20.799999,23.360001,852951.0
2020-03-24,23.870001,25.16,23.09,24.01,659697.0
2020-03-25,24.370001,25.24,22.91,24.49,618725.0
2020-03-26,24.25,24.65,22.379999,22.6,633877.0
2020-03-27,23.290001,23.440001,20.879999,21.51,603124.0
2020-03-30,20.93,20.93,19.27,20.09,758711.0
2020-03-31,20.23,21.889999,20.01,20.48,660082.0
2020-04-01,20.1,21.549999,19.9,20.309999,703286.0
2020-04-02,21.219999,27.389999,20.76,25.32,1095972.0
2020-04-03,24.809999,29.129999,23.52,28.34,1007577.0
2020-04-06,26.09,28.24,25.280001,26.08,752710.0
2020-04-07,26.34,27.24,23.540001,23.629999,797707.0
2020-04-08,24.299999,26.450001,23.74,25.09,823554.0
2020-04-09,26.280001,28.360001,22.57,22.76,1122149.0
2020-04-13,24.6,24.74,22.030001,22.41,775120.0
2020-04-14,22.360001,23.08,19.950001,20.110001,785478.0
2020-04-15,20.719999,20.889999,19.200001,19.870001,544797.0
2020-04-16,20.15,20.530001,19.42,19.870001,350942.0
2020-04-17,20.0,20.219999,17.309999,18.27,240628.0
2020-04-20,17.73,17.85,-40.32,-37.630001,247947.0
2020-04-21,-14.0,13.86,-16.74,10.01,2288230.0
2020-04-22,13.12,16.18,10.26,13.78,1235218.0
2020-04-23,14.2,18.26,13.35,16.5,833584.0
2020-04-24,16.780001,17.969999,15.64,16.940001,600220.0
2020-04-27,16.84,16.98,11.88,12.78,623201.0
2020-04-28,12.96,13.69,10.07,12.34,897087.0
2020-04-29,13.35,16.780001,12.67,15.06,554134.0
2020-04-30,15.64,19.440001,15.45,18.84,545344.0
2020-05-01,19.040001,20.48,18.07,19.780001,403201.0
2020-05-04,19.110001,21.42,18.049999,20.389999,311488.0
2020-05-05,21.24,25.49,21.129999,24.559999,387240.0
2020-05-06,25.52,26.08,22.58,23.99,381165.0
2020-05-07,24.09,26.74,22.940001,23.549999,310261.0
2020-05-08,23.35,24.99,23.26,24.74,205181.0
2020-05-11,24.49,25.58,23.67,24.139999,179591.0
2020-05-12,24.49,26.23,24.219999,25.780001,212335.0
2020-05-13,25.299999,26.450001,24.790001,25.290001,150864.0
2020-05-14,25.559999,27.959999,25.18,27.559999,160507.0
2020-05-15,27.639999,29.92,27.24,29.43,108016.0
2020-05-18,29.530001,33.32,29.530001,31.82,89376.0
2020-05-19,32.830002,33.439999,31.34,32.5,430823.0
2020-05-20,31.889999,33.779999,31.559999,33.490002,406431.0
2020-05-21,33.529999,34.66,33.259998,33.919998,372814.0
2020-05-22,33.950001,34.0,30.719999,33.25,429036.0
2020-05-26,33.299999,34.810001,32.48,34.349998,466737.0
2020-05-27,34.139999,34.32,31.75,32.810001,415246.0
2020-05-28,32.099998,34.209999,31.139999,33.709999,440168.0
2020-05-29,33.68,35.77,32.360001,35.490002,443647.0
2020-06-01,35.209999,35.900002,34.27,35.439999,385710.0
2020-06-02,35.560001,37.060001,35.279999,36.810001,343483.0
2020-06-03,36.860001,38.18,35.880001,37.290001,494253.0
2020-06-04,36.759998,37.619999,36.380001,37.41,307612.0
2020-06-05,37.330002,39.68,37.049999,39.549999,396856.0
2020-06-08,39.41,40.439999,37.959999,38.189999,416639.0
2020-06-09,38.220001,39.099998,37.07,38.939999,396033.0
2020-06-10,38.5,39.91,37.73,39.599998,385868.0
2020-06-11,39.09,39.09,35.41,36.34,513912.0
2020-06-12,36.259998,36.990002,34.48,36.259998,406508.0
2020-06-15,36.029999,37.259998,34.360001,37.119999,387546.0
2020-06-16,37.049999,39.060001,36.380001,38.380001,366323.0
2020-06-17,37.93,38.75,37.209999,37.959999,239516.0
2020-06-18,37.740002,38.970001,37.110001,38.84,113384.0
2020-06-19,38.849998,40.490002,38.400002,39.75,64113.0
2020-06-22,39.18,40.700001,39.119999,40.459999,315264.0
2020-06-23,40.68,41.630001,39.759998,40.369999,368730.0
2020-06-24,39.990002,40.540001,37.310001,38.009998,499490.0
2020-06-25,38.049999,39.23,37.080002,38.720001,451640.0
2020-06-26,39.09,39.349998,37.790001,38.490002,356712.0
2020-06-29,37.959999,39.889999,37.5,39.700001,343913.0
2020-06-30,39.639999,40.080002,38.849998,39.27,370059.0
2020-07-01,39.84,40.580002,39.049999,39.82,407170.0
2020-07-02,39.779999,40.740002,39.459999,40.650002,347096.0
2020-07-06,40.380001,41.080002,39.84,40.630001,373236.0
2020-07-07,40.68,40.950001,39.900002,40.619999,256596.0
2020-07-08,40.48,41.080002,40.299999,40.900002,286740.0
2020-07-09,40.869999,40.990002,39.27,39.619999,367386.0
2020-07-10,39.580002,40.77,38.540001,40.549999,393149.0
2020-07-13,40.349998,40.720001,39.470001,40.099998,370715.0
2020-07-14,39.599998,40.57,39.07,40.290001,426971.0
2020-07-15,40.549999,41.259998,40.080002,41.200001,352542.0
2020-07-16,40.970001,41.18,40.52,40.75,200101.0
2020-07-17,40.720001,40.900002,40.02,40.59,88220.0
2020-07-20,40.639999,40.91,39.830002,40.810001,60179.0
2020-07-21,40.650002,42.400002,40.639999,41.959999,389117.0
2020-07-22,41.540001,42.029999,41.139999,41.900002,333647.0
2020-07-23,41.950001,42.360001,40.830002,41.07,389412.0
2020-07-24,41.060001,41.669998,40.66,41.290001,353159.0
2020-07-27,41.259998,41.82,40.48,41.599998,377714.0
2020-07-28,41.650002,41.93,40.849998,41.040001,276804.0
2020-07-29,41.130001,41.57,40.93,41.27,295855.0
2020-07-30,41.32,41.389999,38.720001,39.919998,487325.0
2020-07-31,40.34,40.549999,39.66,40.27,318788.0
2020-08-03,40.389999,41.240002,39.580002,41.009998,338326.0
2020-08-04,40.779999,42.080002,40.139999,41.700001,451575.0
2020-08-05,41.560001,43.52,41.470001,42.189999,491268.0
2020-08-06,42.189999,42.650002,41.610001,41.950001,359610.0
2020-08-07,41.970001,42.220001,41.060001,41.220001,398997.0
2020-08-10,41.5,42.330002,41.169998,41.939999,367796.0
2020-08-11,41.98,42.939999,41.48,41.610001,432843.0
2020-08-12,41.619999,42.900002,41.529999,42.669998,397831.0
2020-08-13,42.57,42.84,42.09,42.240002,329507.0
2020-08-14,42.330002,42.57,41.619999,42.009998,310866.0
2020-08-17,42.240002,42.970001,41.799999,42.889999,208429.0
2020-08-18,42.790001,42.990002,42.110001,42.889999,111628.0
2020-08-19,42.599998,43.029999,42.360001,42.93,81299.0
2020-08-20,42.740002,42.790001,41.5,42.580002,377070.0
2020-08-21,42.75,42.959999,41.459999,42.34,345368.0
2020-08-24,42.48,42.889999,42.23,42.619999,294731.0
2020-08-25,42.360001,43.57,42.310001,43.349998,330800.0
2020-08-26,43.389999,43.779999,43.0,43.389999,262243.0
2020-08-27,43.450001,43.5,42.360001,43.040001,320968.0
2020-08-28,42.98,43.419998,42.689999,42.970001,272800.0
2020-08-31,42.91,43.57,42.560001,42.610001,236877.0
2020-09-01,42.830002,43.43,42.720001,42.759998,285146.0
2020-09-02,43.02,43.209999,41.23,41.509998,421771.0
2020-09-03,41.630001,41.790001,40.220001,41.369999,417634.0
2020-09-04,41.25,41.869999,39.349998,39.77,444184.0
2020-09-08,39.48,39.59,36.130001,36.759998,720975.0
2020-09-09,36.790001,38.450001,36.16,38.049999,455356.0
2020-09-10,37.799999,38.18,36.93,37.299999,367555.0
2020-09-11,37.009998,37.82,36.669998,37.330002,363787.0
2020-09-14,37.32,37.68,36.82,37.259998,347563.0
2020-09-15,37.279999,38.57,37.060001,38.279999,348861.0
2020-09-16,38.349998,40.34,38.349998,40.16,367612.0
2020-09-17,40.189999,41.220001,39.419998,40.970001,280669.0
2020-09-18,40.970001,41.490002,40.299999,41.110001,85906.0
2020-09-21,40.98,41.27,38.66,39.310001,66195.0
2020-09-22,39.630001,40.02,39.0,39.599998,287807.0
2020-09-23,39.759998,40.75,39.259998,39.93,318754.0
2020-09-24,39.599998,40.369999,39.119999,40.310001,269992.0
2020-09-25,40.150002,40.639999,39.709999,40.25,229025.0
2020-09-28,40.07,40.799999,39.779999,40.599998,226425.0
2020-09-29,40.580002,40.700001,38.41,39.290001,379599.0
2020-09-30,39.16,40.369999,38.68,40.220001,340294.0
2020-10-01,39.900002,40.470001,37.610001,38.720001,443442.0
2020-10-02,38.599998,38.650002,36.630001,37.049999,391428.0
2020-10-05,37.0,39.720001,37.0,39.220001,378579.0
2020-10-06,39.349998,40.860001,39.099998,40.669998,400531.0
2020-10-07,39.830002,40.349998,39.279999,39.950001,433065.0
2020-10-08,39.990002,41.330002,39.759998,41.189999,409787.0
2020-10-09,41.310001,41.470001,40.380001,40.599998,331703.0
2020-10-12,40.400002,40.450001,39.040001,39.43,322035.0
2020-10-13,39.529999,40.529999,39.349998,40.200001,375470.0
2020-10-14,40.189999,41.16,39.82,41.040001,328295.0
2020-10-15,41.130001,41.290001,39.220001,40.959999,248251.0
2020-10-16,40.880001,41.049999,40.080002,40.880001,96488.0
2020-10-19,40.689999,41.220001,40.540001,40.830002,75335.0
2020-10-20,40.650002,41.700001,40.25,41.459999,360574.0
2020-10-21,41.220001,41.59,39.779999,40.029999,366899.0
2020-10-22,40.040001,41.02,39.709999,40.639999,307494.0
2020-10-23,40.610001,40.919998,39.57,39.849998,268931.0
2020-10-26,39.689999,39.740002,38.279999,38.560001,360184.0
2020-10-27,38.59,39.830002,38.509998,39.57,339535.0
2020-10-28,38.970001,39.009998,36.970001,37.389999,489954.0
2020-10-29,37.389999,37.759998,34.919998,36.169998,568816.0
2020-10-30,36.07,36.599998,35.209999,35.790001,388971.0
2020-11-02,35.240002,37.150002,33.639999,36.810001,489204.0
2020-11-03,37.029999,38.32,36.57,37.66,410611.0
2020-11-04,38.150002,39.25,37.259998,39.150002,437000.0
2020-11-05,39.169998,39.349998,38.27,38.790001,298366.0
2020-11-06,38.540001,38.610001,37.060001,37.139999,411026.0
2020-11-09,37.34,41.330002,37.16,40.290001,622921.0
2020-11-10,39.91,41.84,39.41,41.360001,457045.0
2020-11-11,41.790001,43.060001,41.32,41.450001,443772.0
2020-11-12,41.470001,42.189999,40.869999,41.119999,401031.0
2020-11-13,40.939999,40.939999,40.060001,40.130001,338187.0
2020-11-16,40.169998,42.09,40.150002,41.34,378785.0
2020-11-17,41.439999,41.689999,40.57,41.43,243677.0
2020-11-18,41.349998,42.459999,41.080002,41.82,107013.0
2020-11-19,41.610001,41.98,41.080002,41.740002,88144.0
2020-11-20,41.700001,42.32,41.509998,42.150002,276340.0
2020-11-23,42.459999,43.360001,42.290001,43.060001,300717.0
2020-11-24,42.84,45.200001,42.82,44.91,418527.0
2020-11-25,44.82,46.259998,44.73,45.709999,417182.0
2020-11-27,45.900002,46.09,44.549999,45.529999,365128.0
2020-11-30,45.34,45.799999,44.419998,45.34,370755.0
2020-12-01,45.080002,45.700001,44.119999,44.549999,314919.0
2020-12-02,44.380001,45.919998,43.919998,45.279999,368854.0
2020-12-03,44.990002,45.84,44.66,45.639999,350768.0
2020-12-04,45.639999,46.68,45.610001,46.259998,335453.0
2020-12-07,46.150002,46.540001,45.360001,45.759998,348871.0
2020-12-08,45.66,45.93,45.139999,45.599998,332641.0
2020-12-09,45.599998,46.240002,44.950001,45.52,434976.0
2020-12-10,45.689999,47.740002,45.52,46.779999,447529.0
2020-12-11,46.970001,47.290001,46.34,46.57,367305.0
2020-12-14,46.73,47.439999,45.689999,46.990002,403543.0
2020-12-15,46.990002,47.73,46.540001,47.619999,311169.0
2020-12-16,47.599998,47.939999,47.169998,47.82,275331.0
2020-12-17,47.849998,48.59,47.810001,48.360001,96536.0
2020-12-18,48.43,49.279999,48.099998,49.099998,83711.0
2020-12-21,48.540001,48.610001,46.18,47.740002,478098.0
2020-12-22,47.93,47.959999,46.599998,47.02,295737.0
2020-12-23,46.790001,48.5,46.16,48.119999,344306.0
2020-12-24,48.09,48.619999,47.560001,48.23,167390.0
2020-12-28,48.23,48.959999,47.5,47.619999,238462.0
2020-12-29,47.720001,48.349998,47.68,48.0,213778.0
2020-12-30,48.130001,48.66,47.610001,48.400002,266957.0
2020-12-31,48.349998,48.580002,47.77,48.52,181894.0
2021-01-04,48.400002,49.830002,47.18,47.619999,528525.0
2021-01-05,47.380001,50.200001,47.240002,49.93,643191.0
2021-01-06,49.82,50.939999,49.48,50.630001,509365.0
2021-01-07,50.529999,51.279999,50.389999,50.830002,369292.0
2021-01-08,50.93,52.75,50.810001,52.240002,499416.0
2021-01-11,52.580002,52.700001,51.5,52.25,394822.0
2021-01-12,52.18,53.450001,52.07,53.209999,400200.0
2021-01-13,53.310001,53.93,52.580002,52.91,429898.0
2021-01-14,52.84,53.75,52.240002,53.57,390087.0
2021-01-15,53.799999,53.830002,51.830002,52.360001,165668.0
2021-01-19,52.0,53.130001,51.759998,52.98,125964.0
2021-01-20,53.130001,53.790001,53.049999,53.240002,400301.0
2021-01-21,52.93,53.41,52.75,53.130001,352397.0
2021-01-22,53.099998,53.16,51.439999,52.27,437484.0
2021-01-25,52.169998,52.950001,51.82,52.77,349076.0
2021-01-26,52.91,53.25,52.290001,52.610001,314538.0
2021-01-27,52.759998,53.299999,51.849998,52.849998,442376.0
2021-01-28,52.650002,53.580002,52.040001,52.34,411406.0
2021-01-29,52.150002,53.25,51.93,52.200001,410914.0
2021-02-01,51.990002,53.740002,51.639999,53.549999,416067.0
2021-02-02,53.48,55.259998,53.450001,54.759998,463718.0
2021-02-03,55.049999,56.330002,54.810001,55.689999,448693.0
2021-02-04,55.959999,56.580002,55.299999,56.23,381404.0
2021-02-05,56.459999,57.290001,56.43,56.849998,400833.0
2021-02-08,57.060001,58.139999,57.0,57.970001,399724.0
2021-02-09,58.110001,58.619999,57.27,58.360001,514698.0
2021-02-10,58.450001,58.91,58.080002,58.68,457535.0
2021-02-11,58.400002,58.709999,57.84,58.240002,380445.0
2021-02-12,57.939999,59.82,57.41,59.470001,480822.0
2021-02-16,59.98,60.950001,59.330002,60.049999,602332.0
2021-02-17,60.240002,61.73,59.43,61.139999,335419.0
2021-02-18,61.68,62.259998,59.790001,60.52,132035.0
2021-02-19,60.200001,60.290001,58.59,59.240002,102427.0
2021-02-22,58.880001,61.84,58.82,61.490002,505773.0
2021-02-23,62.16,63.0,60.669998,61.669998,570677.0
2021-02-24,61.290001,63.509998,60.970001,63.220001,489933.0
2021-02-25,63.389999,63.810001,62.650002,63.529999,510357.0
2021-02-26,63.459999,63.57,61.34,61.5,472723.0
2021-03-01,61.950001,62.919998,59.959999,60.639999,456679.0
2021-03-02,60.23,61.209999,59.380001,59.75,464133.0
2021-03-03,59.549999,61.990002,59.240002,61.279999,465311.0
2021-03-04,61.080002,64.860001,60.52,63.830002,694628.0
2021-03-05,64.160004,66.419998,63.82,66.089996,573168.0
2021-03-08,66.68,67.980003,64.57,65.050003,533376.0
2021-03-09,64.730003,65.980003,63.630001,64.010002,554564.0
2021-03-10,63.84,64.959999,63.130001,64.440002,498488.0
2021-03-11,64.699997,66.209999,64.540001,66.019997,441063.0
2021-03-12,65.959999,66.239998,65.410004,65.610001,321714.0
2021-03-15,65.559998,66.400002,64.129997,65.389999,378009.0
2021-03-16,65.330002,65.43,63.799999,64.800003,317537.0
2021-03-17,64.75,65.339996,63.599998,64.599998,254724.0
2021-03-18,64.419998,64.82,58.200001,60.0,143597.0
2021-03-19,59.560001,61.720001,58.939999,61.419998,84171.0
2021-03-22,61.549999,61.900002,60.389999,61.549999,404370.0
2021-03-23,61.279999,61.349998,57.25,57.759998,712317.0
2021-03-24,57.400002,61.34,57.290001,61.18,566291.0
2021-03-25,60.799999,60.860001,57.439999,58.560001,580105.0
2021-03-26,58.48,61.360001,58.32,60.970001,471996.0
2021-03-29,60.93,61.77,59.41,61.560001,449360.0
2021-03-30,61.959999,62.27,59.939999,60.549999,388188.0
2021-03-31,60.450001,61.169998,58.849998,59.16,414162.0
2021-04-01,59.490002,61.75,58.860001,61.450001,605567.0
2021-04-05,61.5,61.5,57.630001,58.650002,438864.0
2021-04-06,58.799999,60.900002,58.619999,59.330002,457348.0
2021-04-07,59.259998,60.040001,58.119999,59.77,475537.0
2021-04-08,59.52,59.93,58.82,59.599998,419913.0
2021-04-09,59.759998,59.950001,59.099998,59.32,351436.0
2021-04-12,59.349998,60.77,58.73,59.700001,410218.0
2021-04-13,59.639999,60.59,59.639999,60.18,349733.0
2021-04-14,60.439999,63.439999,60.380001,63.150002,419813.0
2021-04-15,62.830002,63.57,62.529999,63.459999,243370.0
2021-04-16,63.32,63.880001,62.830002,63.130001,87795.0
2021-04-19,62.98,63.630001,62.630001,63.380001,74384.0
2021-04-20,63.470001,64.25,61.5,62.439999,476046.0
2021-04-21,62.389999,62.560001,60.860001,61.349998,431486.0
2021-04-22,61.110001,61.869999,60.610001,61.43,344700.0
2021-04-23,61.650002,62.43,61.25,62.139999,345407.0
2021-04-26,62.060001,62.310001,60.66,61.91,366865.0
2021-04-27,61.970001,63.299999,61.91,62.939999,361536.0
2021-04-28,63.040001,64.529999,62.669998,63.860001,387683.0
2021-04-29,63.700001,65.470001,63.650002,65.010002,384489.0
2021-04-30,64.879997,64.949997,63.080002,63.580002,400515.0
2021-05-03,63.639999,64.68,62.91,64.489998,285969.0
2021-05-04,64.529999,66.190002,64.290001,65.690002,370208.0
2021-05-05,66.449997,66.760002,64.919998,65.629997,460066.0
2021-05-06,65.269997,65.980003,64.5,64.709999,389214.0
2021-05-07,64.900002,65.239998,63.900002,64.900002,431417.0
2021-05-10,65.57,65.75,63.950001,64.919998,448337.0
2021-05-11,64.900002,65.5,63.68,65.279999,514949.0
2021-05-12,65.459999,66.629997,64.970001,66.080002,508519.0
2021-05-13,65.75,65.809998,63.09,63.82,547691.0
2021-05-14,63.830002,65.620003,63.330002,65.370003,383749.0
2021-05-17,65.5,66.43,64.830002,66.269997,268476.0
2021-05-18,66.330002,67.010002,64.110001,65.489998,167348.0
2021-05-19,65.279999,65.349998,61.950001,63.360001,101902.0
2021-05-20,63.389999,63.959999,61.889999,62.049999,524168.0
2021-05-21,61.889999,64.07,61.560001,63.580002,530831.0
2021-05-24,63.869999,66.139999,63.630001,66.050003,466647.0
2021-05-25,66.019997,66.510002,65.410004,66.07,497394.0
2021-05-26,66.040001,66.43,65.25,66.209999,376207.0
2021-05-27,66.160004,66.919998,65.470001,66.849998,337542.0
2021-05-28,66.949997,67.519997,66.169998,66.32,390461.0
2021-06-01,66.68,68.870003,66.410004,67.720001,570985.0
2021-06-02,67.989998,69.0,67.779999,68.830002,332995.0
2021-06-03,68.760002,69.400002,68.190002,68.809998,351367.0
2021-06-04,68.910004,69.760002,68.330002,69.620003,326250.0
2021-06-07,69.519997,70.0,68.93,69.230003,365621.0
2021-06-08,69.290001,70.269997,68.470001,70.050003,441302.0
2021-06-09,70.010002,70.620003,69.459999,69.959999,410820.0
2021-06-10,69.760002,70.650002,68.68,70.290001,492464.0
2021-06-11,70.099998,71.239998,69.68,70.910004,563575.0
2021-06-14,70.650002,71.779999,70.650002,70.879997,319639.0
2021-06-15,71.160004,72.489998,70.809998,72.120003,336035.0
2021-06-16,72.449997,72.989998,71.610001,72.150002,426775.0
2021-06-17,71.650002,72.300003,69.769997,71.040001,373780.0
2021-06-18,71.099998,72.169998,70.160004,71.639999,139584.0
2021-06-21,71.519997,73.959999,71.150002,73.660004,123662.0
2021-06-22,73.410004,73.949997,72.940002,73.059998,498555.0
2021-06-23,72.910004,74.25,72.82,73.080002,429207.0
2021-06-24,73.279999,73.610001,72.32,73.300003,334833.0
2021-06-25,73.32,74.18,72.849998,74.050003,364721.0
2021-06-28,73.989998,74.449997,72.620003,72.910004,354701.0
2021-06-29,72.779999,73.809998,71.970001,72.980003,321448.0
2021-06-30,73.470001,74.139999,72.82,73.470001,383626.0
2021-07-01,73.5,76.220001,73.389999,75.230003,615678.0
2021-07-02,75.019997,75.620003,74.410004,75.160004,377531.0
2021-07-06,75.349998,76.980003,72.940002,73.370003,714044.0
2021-07-07,73.849998,74.860001,71.07,72.199997,607971.0
2021-07-08,72.169998,73.260002,70.760002,72.940002,529690.0
2021-07-09,73.260002,74.760002,72.720001,74.559998,422154.0
2021-07-12,74.739998,74.93,73.160004,74.099998,397931.0
2021-07-13,74.18,75.519997,73.68,75.25,444078.0
2021-07-14,75.169998,75.440002,72.209999,73.129997,528360.0
2021-07-15,72.959999,72.959999,71.400002,71.650002,368679.0
2021-07-16,71.480003,72.300003,70.410004,71.809998,133926.0
2021-07-19,71.489998,71.669998,65.629997,66.419998,82565.0
2021-07-20,66.599998,67.650002,65.209999,67.419998,561629.0
2021-07-21,66.449997,70.510002,66.440002,70.300003,503030.0
2021-07-22,70.220001,72.029999,69.860001,71.910004,435181.0
2021-07-23,71.709999,72.209999,71.389999,72.07,274778.0
2021-07-26,72.18,72.43,70.559998,71.910004,395743.0
2021-07-27,72.220001,72.330002,71.080002,71.650002,333123.0
2021-07-28,71.900002,72.599998,71.699997,72.389999,318911.0
2021-07-29,72.400002,73.68,72.260002,73.620003,294462.0
2021-07-30,73.410004,74.230003,72.93,73.949997,303700.0
2021-08-02,73.910004,73.949997,70.550003,71.260002,448200.0
2021-08-03,71.519997,71.959999,69.190002,70.559998,509938.0
2021-08-04,70.32,70.809998,67.849998,68.150002,582924.0
2021-08-05,68.059998,69.349998,67.610001,69.089996,416331.0
2021-08-06,69.139999,70.18,67.800003,68.279999,537136.0
2021-08-09,67.879997,67.900002,65.150002,66.480003,598381.0
2021-08-10,66.849998,68.900002,66.559998,68.290001,452126.0
2021-08-11,68.510002,69.449997,66.669998,69.25,513292.0
2021-08-12,69.360001,69.620003,68.459999,69.089996,352465.0
2021-08-13,68.910004,69.220001,67.769997,68.440002,272033.0
2021-08-16,68.129997,68.139999,65.730003,67.290001,334844.0
2021-08-17,67.43,67.720001,66.330002,66.589996,235303.0
2021-08-18,66.580002,67.480003,64.339996,65.459999,121197.0
2021-08-19,64.580002,64.760002,62.630001,63.689999,88237.0
2021-08-20,64.050003,64.099998,62.110001,62.32,365009.0
2021-08-23,61.959999,66.0,61.740002,65.639999,397290.0
2021-08-24,65.540001,67.800003,65.410004,67.540001,335888.0
2021-08-25,67.629997,68.540001,66.919998,68.360001,353742.0
2021-08-26,68.0,68.309998,67.019997,67.419998,344286.0
2021-08-27,67.75,69.050003,67.519997,68.739998,326056.0
2021-08-30,69.300003,69.639999,67.669998,69.209999,360797.0
2021-08-31,69.18,69.339996,68.160004,68.5,325853.0
2021-09-01,68.550003,69.239998,67.120003,68.589996,399497.0
2021-09-02,68.290001,70.610001,67.839996,69.989998,403314.0
2021-09-03,69.760002,70.529999,69.050003,69.290001,313086.0
2021-09-07,69.110001,69.480003,67.639999,68.349998,481704.0
2021-09-08,68.370003,69.75,68.309998,69.300003,389325.0
2021-09-09,69.360001,69.889999,67.559998,68.139999,556451.0
2021-09-10,67.970001,69.959999,67.68,69.720001,411079.0
2021-09-13,69.739998,70.970001,69.510002,70.449997,390939.0
2021-09-14,70.639999,71.220001,69.980003,70.459999,414231.0
2021-09-15,70.760002,73.139999,70.650002,72.610001,418665.0
2021-09-16,72.650002,72.989998,71.529999,72.610001,298412.0
2021-09-17,72.620003,72.720001,71.209999,71.970001,119933.0
2021-09-20,71.919998,72.080002,69.860001,70.290001,75837.0
2021-09-21,70.589996,71.629997,69.669998,70.559998,393403.0
2021-09-22,70.849998,72.300003,70.639999,72.230003,381061.0
2021-09-23,71.970001,73.5,71.610001,73.300003,403405.0
2021-09-24,73.239998,74.269997,72.809998,73.980003,350382.0
2021-09-27,74.190002,75.75,74.160004,75.449997,417829.0
2021-09-28,75.43,76.669998,74.239998,75.290001,476143.0
2021-09-29,74.379997,75.790001,73.739998,74.830002,424193.0
2021-09-30,74.779999,76.07,73.139999,75.029999,583189.0
2021-10-01,75.120003,75.989998,74.230003,75.879997,388996.0
2021-10-04,75.900002,78.379997,75.32,77.620003,458006.0
2021-10-05,77.580002,79.480003,77.470001,78.93,449617.0
2021-10-06,79.040001,79.779999,76.830002,77.43,459055.0
2021-10-07,77.0,78.889999,74.959999,78.300003,545008.0
2021-10-08,78.860001,80.110001,78.629997,79.349998,662010.0
2021-10-11,79.589996,82.18,79.550003,80.519997,653756.0
2021-10-12,80.5,81.620003,79.470001,80.639999,598181.0
2021-10-13,80.580002,81.040001,79.419998,80.440002,487220.0
2021-10-14,80.589996,81.68,80.379997,81.309998,399813.0
2021-10-15,81.480003,82.660004,81.389999,82.279999,277953.0
2021-10-18,82.599998,83.870003,81.839996,82.440002,134098.0
2021-10-19,82.370003,83.739998,81.800003,82.959999,82607.0
2021-10-20,83.339996,84.25,81.300003,83.870003,530693.0
2021-10-21,83.580002,83.959999,80.790001,82.5,567503.0
2021-10-22,82.610001,84.220001,81.760002,83.760002,465355.0
2021-10-25,83.980003,85.410004,83.389999,83.760002,568725.0
2021-10-26,83.720001,84.879997,82.970001,84.650002,467716.0
2021-10-27,84.389999,84.510002,82.010002,82.660004,529952.0
2021-10-28,82.25,83.209999,80.580002,82.809998,491585.0
2021-10-29,83.089996,83.739998,81.410004,83.57,507309.0
2021-11-01,83.360001,84.879997,82.739998,84.050003,412309.0
2021-11-02,83.870003,84.410004,82.919998,83.910004,429608.0
2021-11-03,83.07,83.080002,79.690002,80.860001,546577.0
2021-11-04,80.18,83.419998,78.25,78.809998,701119.0
2021-11-05,79.370003,81.800003,78.959999,81.269997,531054.0
2021-11-08,81.129997,82.669998,81.050003,81.93,393953.0
2021-11-09,82.160004,84.629997,81.779999,84.150002,504832.0
2021-11-10,84.529999,84.970001,80.809998,81.339996,555215.0
2021-11-11,81.410004,82.330002,80.199997,81.589996,475436.0
2021-11-12,81.209999,81.620003,79.779999,80.790001,390304.0
2021-11-15,80.660004,81.199997,79.300003,80.879997,343484.0
2021-11-16,80.93,81.809998,80.029999,80.760002,325668.0
2021-11-17,80.540001,80.690002,77.690002,78.360001,174471.0
2021-11-18,78.339996,79.360001,77.080002,79.010002,83984.0
2021-11-19,78.760002,79.919998,75.370003,76.099998,623448.0
2021-11-22,75.75,77.160004,74.760002,76.75,465768.0
2021-11-23,76.459999,78.860001,75.300003,78.5,506987.0
2021-11-24,78.480003,79.230003,77.980003,78.389999,328848.0
2021-11-26,78.339996,78.650002,67.400002,68.150002,844630.0
2021-11-29,69.230003,72.93,68.860001,69.949997,675090.0
2021-11-30,70.040001,71.220001,64.43,66.18,722475.0
2021-12-01,67.010002,69.489998,64.839996,65.57,602447.0
2021-12-02,65.629997,67.489998,62.43,66.5,668293.0
2021-12-03,67.5,69.220001,65.599998,66.260002,449974.0
2021-12-06,67.019997,70.150002,66.720001,69.489998,401060.0
2021-12-07,69.720001,73.029999,69.519997,72.050003,496528.0
2021-12-08,71.860001,73.0,70.910004,72.360001,464846.0
2021-12-09,72.519997,73.339996,70.389999,70.940002,393205.0
2021-12-10,70.68,72.330002,70.32,71.669998,397883.0
2021-12-13,72.040001,73.0,70.709999,71.290001,406604.0
2021-12-14,71.120003,72.029999,69.510002,70.730003,359454.0
2021-12-15,70.349998,71.660004,69.389999,70.870003,294337.0
2021-12-16,71.480003,72.989998,71.029999,72.379997,142541.0
2021-12-17,71.919998,72.260002,69.889999,70.860001,78125.0
2021-12-20,70.07,70.07,66.040001,68.230003,492217.0
2021-12-21,69.209999,71.550003,68.559998,71.120003,358779.0
2021-12-22,71.269997,73.160004,70.800003,72.760002,306709.0
2021-12-23,73.029999,73.949997,72.269997,73.790001,270223.0
2021-12-27,73.379997,76.089996,72.57,75.57,268490.0
2021-12-28,75.970001,76.919998,75.529999,75.980003,249728.0
2021-12-29,76.040001,77.370003,75.360001,76.559998,283557.0
2021-12-30,76.580002,77.440002,75.779999,76.989998,231163.0
2021-12-31,76.660004,77.080002,74.949997,75.209999,237118.0
2022-01-03,75.690002,76.459999,74.269997,76.080002,317628.0
2022-01-04,76.019997,77.639999,75.699997,76.989998,372848.0
2022-01-05,77.18,78.580002,76.510002,77.849998,397898.0
2022-01-06,77.239998,80.239998,76.730003,79.459999,476665.0
2022-01-07,79.620003,80.470001,78.519997,78.900002,414434.0
2022-01-10,78.879997,79.449997,77.830002,78.230003,389956.0
2022-01-11,78.419998,81.589996,78.360001,81.220001,481815.0
2022-01-12,81.379997,83.099998,81.169998,82.639999,420619.0
2022-01-13,82.82,82.940002,81.389999,82.120003,364769.0
2022-01-14,81.730003,84.449997,81.580002,83.82,364442.0
2022-01-18,84.32,86.629997,83.5,85.43,163643.0
2022-01-19,86.610001,87.910004,85.769997,86.959999,113153.0
2022-01-20,86.230003,87.82,86.0,86.900002,532202.0
2022-01-21,84.57,85.559998,82.779999,85.139999,509103.0
2022-01-24,84.910004,86.089996,81.900002,83.309998,511695.0
2022-01-25,84.150002,85.709999,82.989998,85.599998,507219.0
2022-01-26,85.260002,87.949997,85.010002,87.349998,459642.0
2022-01-27,87.150002,88.540001,86.199997,86.610001,427804.0
2022-01-28,87.5,88.839996,86.440002,86.82,436172.0
2022-01-31,87.449997,88.389999,86.339996,88.150002,359080.0
2022-02-01,88.150002,88.870003,86.550003,88.199997,376841.0
2022-02-02,88.349998,89.720001,87.099998,88.260002,456863.0
2022-02-03,87.980003,90.449997,86.75,90.269997,465771.0
2022-02-04,90.190002,93.169998,90.07,92.309998,410926.0
2022-02-07,91.82,92.730003,90.730003,91.32,497754.0
2022-02-08,91.639999,91.68,88.510002,89.360001,467386.0
2022-02-09,89.860001,90.580002,88.410004,89.660004,445618.0
2022-02-10,90.010002,91.739998,89.029999,89.879997,492091.0
2022-02-11,90.0,94.660004,89.190002,93.099998,554423.0
2022-02-14,93.910004,95.82,92.089996,95.459999,467071.0
2022-02-15,94.830002,95.169998,90.660004,92.07,442641.0
2022-02-16,92.209999,95.010002,90.0,93.660004,401453.0
2022-02-17,90.900002,93.360001,90.620003,91.760002,212552.0
2022-02-18,91.629997,92.660004,89.029999,91.07,150382.0
2022-02-22,91.75,96.0,90.349998,92.349998,789041.0
2022-02-23,91.739998,93.900002,90.639999,92.099998,440574.0
2022-02-24,92.519997,100.540001,91.449997,92.809998,872244.0
2022-02-25,93.32,95.639999,90.059998,91.589996,523793.0
2022-02-28,94.989998,99.099998,94.43,95.720001,490796.0
2022-03-01,96.089996,106.779999,95.32,103.410004,698814.0
2022-03-02,107.120003,112.510002,105.18,110.599998,651853.0
2022-03-03,111.330002,116.57,106.43,107.669998,592031.0
2022-03-04,107.959999,116.019997,107.25,115.68,493875.0
2022-03-07,121.330002,130.5,115.540001,119.400002,576022.0
2022-03-08,120.669998,129.440002,117.07,123.699997,583106.0
2022-03-09,124.660004,126.839996,103.629997,108.699997,594773.0
2022-03-10,110.410004,114.879997,105.529999,106.019997,437924.0
2022-03-11,105.989998,110.290001,104.480003,109.330002,368194.0
2022-03-14,109.419998,109.720001,99.760002,103.010002,344184.0
2022-03-15,102.279999,102.580002,93.529999,96.440002,401690.0
2022-03-16,95.230003,99.220001,94.07,95.040001,293947.0
2022-03-17,95.339996,104.239998,94.849998,102.980003,210763.0
2022-03-18,103.620003,106.279999,102.300003,104.699997,74247.0
2022-03-21,105.129997,112.690002,104.080002,112.120003,77217.0
2022-03-22,112.900002,115.010002,109.300003,111.760002,318629.0
2022-03-23,108.849998,115.400002,108.379997,114.93,289182.0
2022-03-24,114.470001,116.639999,110.610001,112.339996,307238.0
2022-03-25,111.75,114.120003,108.68,113.900002,320304.0
2022-03-28,112.919998,112.93,102.830002,105.959999,372251.0
2022-03-29,103.470001,107.839996,98.440002,104.239998,387200.0
2022-03-30,105.239998,108.75,104.550003,107.82,284544.0
2022-03-31,107.449997,107.800003,99.660004,100.279999,450845.0
2022-04-01,101.230003,101.75,97.779999,99.269997,324777.0
2022-04-04,98.949997,103.940002,98.050003,103.279999,288131.0
2022-04-05,103.660004,105.589996,99.879997,101.959999,280283.0
2022-04-06,101.239998,104.019997,95.730003,96.230003,366036.0
2022-04-07,97.160004,98.82,93.809998,96.029999,367318.0
2022-04-08,97.169998,98.760002,95.290001,98.260002,310082.0
2022-04-11,98.400002,98.519997,92.93,94.290001,315873.0
2022-04-12,95.169998,101.349998,94.839996,100.599998,329037.0
2022-04-13,100.910004,104.470001,99.870003,104.25,312502.0
2022-04-14,104.199997,107.639999,102.120003,106.949997,244952.0
2022-04-18,107.029999,109.809998,106.0,108.209999,68489.0
2022-04-19,107.75,108.919998,102.099998,102.559998,71792.0
2022-04-20,103.050003,104.160004,100.699997,102.75,299028.0
2022-04-21,102.5,105.419998,102.010002,103.790001,280321.0
2022-04-22,104.07,104.220001,101.059998,102.07,246116.0
2022-04-25,101.379997,101.550003,95.279999,98.540001,328153.0
2022-04-26,98.639999,102.779999,97.059998,101.699997,351850.0
2022-04-27,101.760002,102.989998,99.800003,102.019997,278781.0
2022-04-28,102.110001,105.68,100.129997,105.360001,312064.0
2022-04-29,105.169998,107.989998,103.779999,104.690002,294386.0
2022-05-02,104.0,105.940002,100.279999,105.169998,261878.0
2022-05-03,105.080002,105.800003,102.099998,102.410004,239266.0
2022-05-04,103.5,108.610001,102.949997,107.809998,272909.0
2022-05-05,107.580002,111.370003,106.449997,108.260002,286916.0
2022-05-06,108.699997,111.18,107.239998,109.769997,294278.0
2022-05-09,110.43,110.489998,102.129997,103.089996,368183.0
2022-05-10,102.650002,104.160004,98.860001,99.760002,389750.0
2022-05-11,99.0,106.440002,98.199997,105.709999,382701.0
2022-05-12,105.629997,107.370003,102.660004,106.129997,323547.0
2022-05-13,106.650002,110.639999,106.290001,110.489998,240989.0
2022-05-16,110.980003,114.900002,108.110001,114.199997,289127.0
2022-05-17,113.870003,115.559998,111.75,112.400002,252630.0
2022-05-18,113.660004,115.419998,108.459999,109.589996,103669.0
2022-05-19,109.089996,112.620003,105.129997,112.209999,68511.0
2022-05-20,111.449997,114.040001,110.849998,113.230003,229930.0
2022-05-23,110.559998,111.959999,109.150002,110.290001,215623.0
2022-05-24,110.410004,111.43,108.610001,109.769997,224794.0
2022-05-25,110.389999,111.68,109.230003,110.330002,191370.0
2022-05-26,110.690002,114.830002,110.269997,114.089996,234752.0
2022-05-27,114.199997,115.300003,112.849998,115.07,217281.0
2022-05-31,114.959999,119.980003,114.150002,114.669998,440796.0
2022-06-01,115.400002,117.870003,114.580002,115.260002,290530.0
2022-06-02,114.800003,117.769997,111.199997,116.870003,327600.0
2022-06-03,117.550003,120.459999,115.230003,118.870003,240831.0
2022-06-06,120.82,120.989998,117.629997,118.5,246825.0
2022-06-07,119.099998,120.360001,117.139999,119.410004,341694.0
2022-06-08,119.790001,123.18,119.300003,122.110001,340591.0
2022-06-09,122.43,122.720001,120.790001,121.510002,293295.0
2022-06-10,121.459999,122.75,118.330002,120.669998,352906.0
2022-06-13,120.190002,122.25,117.470001,120.93,372403.0
2022-06-14,121.089996,123.68,116.620003,118.93,366320.0
2022-06-15,119.07,119.610001,114.599998,115.309998,301750.0
2022-06-16,115.980003,118.080002,112.309998,117.589996,162543.0
2022-06-17,117.080002,118.970001,108.25,109.559998,103149.0
2022-06-21,110.580002,112.470001,108.720001,110.650002,427262.0
2022-06-22,109.540001,109.760002,101.529999,106.190002,432724.0
2022-06-23,104.419998,107.050003,102.32,104.269997,346362.0
2022-06-24,103.989998,108.580002,103.639999,107.620003,321591.0
2022-06-27,107.220001,110.540001,105.599998,109.57,282914.0
2022-06-28,110.18,112.220001,109.620003,111.760002,306748.0
2022-06-29,111.860001,114.050003,109.220001,109.779999,322060.0
2022-06-30,109.699997,110.449997,105.099998,105.760002,362890.0
2022-07-01,106.010002,109.339996,104.559998,108.43,305338.0
2022-07-05,108.800003,111.449997,97.43,99.5,594215.0
2022-07-06,100.360001,102.139999,95.099998,98.529999,444106.0
2022-07-07,98.220001,104.480003,96.57,102.730003,379861.0
2022-07-08,102.220001,105.239998,101.510002,104.790001,327461.0
2022-07-11,104.790001,105.050003,100.889999,104.089996,348566.0
2022-07-12,103.459999,103.489998,95.349998,95.839996,398552.0
2022-07-13,95.889999,97.959999,93.669998,96.300003,347193.0
2022-07-14,96.57,97.0,90.559998,95.779999,387528.0
2022-07-15,96.389999,99.029999,94.57,97.589996,240766.0
2022-07-18,97.269997,102.800003,95.849998,102.599998,84669.0
2022-07-19,102.0,104.459999,99.849998,104.220001,63149.0
2022-07-20,103.599998,104.389999,101.510002,102.260002,315620.0
2022-07-21,99.910004,99.989998,94.589996,96.349998,318911.0
2022-07-22,96.510002,97.949997,94.230003,94.699997,307568.0
2022-07-25,95.099998,96.940002,93.010002,96.699997,278998.0
2022-07-26,96.330002,99.0,94.760002,94.980003,310043.0
2022-07-27,95.599998,98.589996,94.300003,97.260002,321903.0
2022-07-28,98.169998,99.839996,96.040001,96.419998,318403.0
2022-07-29,97.300003,101.879997,96.410004,98.620003,349374.0
2022-08-01,98.459999,98.650002,92.419998,93.889999,365293.0
2022-08-02,93.75,96.470001,92.589996,94.419998,328538.0
2022-08-03,93.830002,96.57,90.379997,90.660004,395099.0
2022-08-04,90.949997,91.900002,87.550003,88.540001,334931.0
2022-08-05,88.059998,90.760002,87.010002,89.010002,350016.0
2022-08-08,88.459999,90.889999,87.220001,90.760002,340157.0
2022-08-09,90.690002,92.650002,89.050003,90.5,347045.0
2022-08-10,90.510002,92.43,87.660004,91.93,383766.0
2022-08-11,91.550003,95.050003,91.239998,94.339996,341234.0
2022-08-12,94.089996,94.809998,91.160004,92.089996,264953.0
2022-08-15,91.940002,92.099998,86.82,89.410004,275443.0
2022-08-16,87.93,90.650002,85.730003,86.529999,305366.0
2022-08-17,87.099998,89.160004,85.879997,88.110001,230346.0
2022-08-18,87.389999,91.459999,87.32,90.5,80029.0
2022-08-19,90.389999,92.089996,88.379997,90.769997,58714.0
2022-08-22,89.650002,91.260002,86.599998,90.230003,352665.0
2022-08-23,90.550003,94.220001,90.419998,93.739998,285607.0
2022-08-24,93.779999,95.400002,92.790001,94.889999,320388.0
2022-08-25,95.349998,95.760002,92.290001,92.519997,279877.0
2022-08-26,93.059998,94.019997,91.080002,93.059998,288392.0
2022-08-29,92.959999,97.370003,92.290001,97.010002,283463.0
2022-08-30,96.900002,97.660004,90.540001,91.639999,386272.0
2022-08-31,92.309998,92.730003,88.269997,89.550003,344147.0
2022-09-01,88.830002,89.629997,85.980003,86.610001,305106.0
2022-09-02,86.559998,89.660004,86.349998,86.870003,277533.0
2022-09-06,86.839996,90.389999,86.18,86.879997,420255.0
2022-09-07,86.93,87.760002,81.5,81.940002,380781.0
2022-09-08,81.910004,84.25,81.199997,83.540001,342763.0
2022-09-09,82.800003,87.199997,82.709999,86.790001,305188.0
2022-09-12,86.25,89.099998,85.160004,87.779999,275104.0
2022-09-13,88.089996,89.309998,85.059998,87.309998,347998.0
2022-09-14,87.940002,90.190002,86.18,88.480003,335381.0
2022-09-15,88.910004,89.150002,84.529999,85.099998,235358.0
2022-09-16,85.160004,86.589996,84.269997,85.110001,87829.0
2022-09-19,85.209999,86.220001,82.099998,85.730003,59626.0
2022-09-20,85.610001,86.449997,83.519997,84.449997,279813.0
2022-09-21,84.25,86.68,82.489998,82.940002,339683.0
2022-09-22,83.07,86.0,82.400002,83.489998,303492.0
2022-09-23,83.540001,83.919998,78.040001,78.739998,334271.0
2022-09-26,79.230003,80.309998,76.25,76.709999,280927.0
2022-09-27,76.470001,79.510002,76.419998,78.5,283614.0
2022-09-28,78.080002,82.339996,76.550003,82.150002,324678.0
2022-09-29,81.900002,82.940002,80.339996,81.230003,286126.0
2022-09-30,81.739998,82.559998,79.139999,79.489998,253154.0
2022-10-03,81.019997,84.559998,80.870003,83.629997,287168.0
2022-10-04,83.220001,86.980003,83.220001,86.519997,302549.0
2022-10-05,86.370003,88.419998,85.419998,87.760002,329790.0
2022-10-06,88.080002,89.07,87.040001,88.449997,235296.0
2022-10-07,88.93,93.309998,88.0,92.639999,429162.0
2022-10-10,93.480003,93.639999,90.540001,91.129997,289508.0
2022-10-11,91.139999,91.349998,87.910004,89.349998,333158.0
2022-10-12,88.669998,90.07,86.279999,87.269997,332271.0
2022-10-13,87.080002,89.660004,85.559998,89.110001,298032.0
2022-10-14,89.269997,89.730003,85.199997,85.610001,237026.0
2022-10-17,85.589996,87.120003,84.610001,85.459999,172020.0
2022-10-18,85.699997,86.510002,82.089996,82.82,97304.0
2022-10-19,83.690002,86.199997,82.589996,85.550003,71309.0
2022-10-20,85.940002,88.169998,85.220001,85.980003,338344.0
2022-10-21,85.07,85.900002,83.150002,85.050003,272803.0
2022-10-24,85.239998,85.919998,82.629997,84.580002,250726.0
2022-10-25,84.879997,86.029999,83.059998,85.32,240441.0
2022-10-26,85.07,88.410004,84.139999,87.910004,287182.0
2022-10-27,88.260002,89.790001,87.330002,89.080002,292556.0
2022-10-28,88.669998,88.760002,87.080002,87.900002,263404.0
2022-10-31,88.389999,88.650002,85.300003,86.529999,285342.0
2022-11-01,86.43,89.449997,85.919998,88.370003,274321.0
2022-11-02,88.620003,90.360001,87.720001,90.0,280961.0
2022-11-03,89.349998,89.669998,87.599998,88.169998,239816.0
2022-11-04,87.900002,92.870003,87.82,92.610001,354060.0
2022-11-07,91.0,93.739998,90.400002,91.790001,322419.0
2022-11-08,91.870003,92.169998,88.519997,88.910004,344223.0
2022-11-09,88.57,89.239998,85.5,85.830002,388301.0
2022-11-10,85.849998,87.349998,84.699997,86.470001,340007.0
2022-11-11,86.269997,90.099998,86.18,88.959999,301664.0
2022-11-14,89.019997,89.839996,85.150002,85.870003,315450.0
2022-11-15,85.25,88.68,84.059998,86.919998,331709.0
2022-11-16,86.889999,87.510002,84.199997,85.589996,225668.0
2022-11-17,85.220001,85.449997,81.400002,81.639999,138476.0
2022-11-18,82.089996,82.639999,77.239998,80.080002,96583.0
2022-11-21,80.300003,80.300003,75.080002,79.730003,475104.0
2022-11-22,80.220001,82.360001,79.849998,80.949997,269615.0
2022-11-23,81.080002,81.949997,76.830002,77.940002,379145.0
2022-11-25,77.510002,79.900002,76.220001,76.279999,266451.0
2022-11-28,75.93,77.839996,73.599998,77.239998,405033.0
2022-11-29,76.540001,79.650002,76.290001,78.199997,381869.0
2022-11-30,79.0,81.379997,78.400002,80.550003,287534.0
2022-12-01,80.400002,83.339996,79.93,81.220001,321432.0
2022-12-02,81.470001,82.220001,79.650002,79.980003,280235.0
2022-12-05,79.989998,82.720001,76.769997,76.93,346657.0
2022-12-06,77.349998,77.879997,73.410004,74.25,380598.0
2022-12-07,74.550003,75.379997,71.75,72.010002,392236.0
2022-12-08,72.379997,75.440002,71.120003,71.459999,474459.0
2022-12-09,71.849998,72.919998,70.080002,71.019997,356722.0
2022-12-12,71.790001,73.989998,70.25,73.169998,323553.0
2022-12-13,73.290001,76.370003,73.209999,75.389999,352858.0
2022-12-14,75.269997,77.75,74.900002,77.279999,292488.0
2022-12-15,77.370003,77.769997,75.330002,76.110001,224663.0
2022-12-16,76.370003,76.57,73.330002,74.290001,99205.0
2022-12-19,74.5,76.410004,73.809998,75.190002,69348.0
2022-12-20,75.699997,76.75,74.309998,76.089996,254792.0
2022-12-21,75.989998,78.610001,75.800003,78.290001,234624.0
2022-12-22,78.43,79.900002,77.029999,77.489998,219142.0
2022-12-23,78.18,80.330002,77.980003,79.559998,237711.0
2022-12-27,79.900002,81.18,79.160004,79.529999,199601.0
2022-12-28,79.889999,79.919998,77.300003,78.959999,207717.0
2022-12-29,78.82,78.82,76.790001,78.400002,199858.0
2022-12-30,78.730003,80.669998,77.709999,80.260002,205909.0
2023-01-03,80.57,81.5,76.599998,76.93,338520.0
2023-01-04,77.25,77.419998,72.730003,72.839996,352434.0
2023-01-05,73.25,74.919998,72.459999,73.669998,300731.0
2023-01-06,73.970001,75.470001,73.239998,73.769997,258128.0
2023-01-09,73.470001,76.739998,73.470001,74.629997,329290.0
2023-01-10,74.860001,75.919998,73.839996,75.120003,307430.0
2023-01-11,74.779999,77.839996,74.309998,77.410004,350891.0
2023-01-12,77.699997,79.160004,77.099998,78.389999,307705.0
2023-01-13,78.32,80.110001,77.970001,79.860001,283539.0
2023-01-17,80.099998,81.230003,78.529999,80.18,312275.0
2023-01-18,80.970001,82.379997,78.940002,79.480003,92549.0
2023-01-19,79.139999,81.18,78.129997,80.330002,58863.0
2023-01-20,80.599998,81.639999,79.690002,81.309998,300145.0
2023-01-23,81.790001,82.639999,81.050003,81.620003,297076.0
2023-01-24,81.620003,82.220001,79.660004,80.129997,288207.0
2023-01-25,80.260002,81.230003,79.449997,80.150002,297234.0
2023-01-26,80.480003,82.139999,79.919998,81.010002,291060.0
2023-01-27,81.220001,82.480003,79.040001,79.68,367588.0
2023-01-30,80.040001,80.489998,77.660004,77.900002,327426.0
2023-01-31,77.910004,79.25,76.550003,78.870003,312734.0
2023-02-01,79.059998,79.730003,76.050003,76.410004,360859.0
2023-02-02,76.790001,77.239998,74.970001,75.879997,339755.0
2023-02-03,75.919998,78.0,73.099998,73.389999,413414.0
2023-02-06,73.230003,74.510002,72.25,74.110001,380028.0
2023-02-07,74.57,77.599998,74.349998,77.139999,408279.0
2023-02-08,77.489998,78.57,77.080002,78.470001,353468.0
2023-02-09,78.449997,78.839996,76.519997,78.059998,324156.0
2023-02-10,77.68,80.330002,77.470001,79.720001,356062.0
2023-02-13,79.940002,80.620003,78.449997,80.139999,301299.0
2023-02-14,79.059998,79.610001,77.459999,79.059998,299938.0
2023-02-15,78.830002,79.150002,77.25,78.589996,264486.0
2023-02-16,78.540001,79.540001,77.919998,78.489998,117600.0
2023-02-17,78.07,78.25,75.059998,76.339996,93267.0
2023-02-21,76.529999,77.510002,75.690002,76.160004,402351.0
2023-02-22,76.110001,76.550003,73.800003,73.949997,332018.0
2023-02-23,73.919998,75.989998,73.830002,75.389999,333838.0
2023-02-24,75.599998,76.629997,74.089996,76.32,329254.0
2023-02-27,76.419998,76.82,74.989998,75.68,266091.0
2023-02-28,75.760002,77.830002,75.550003,77.050003,300093.0
2023-03-01,76.849998,77.849998,76.120003,77.690002,342121.0
2023-03-02,77.739998,78.589996,77.230003,78.160004,260331.0
2023-03-03,77.889999,79.900002,75.830002,79.68,374201.0
2023-03-06,79.919998,80.629997,78.32,80.459999,292351.0
2023-03-07,80.5,80.940002,77.059998,77.580002,398241.0
2023-03-08,77.32,77.730003,76.110001,76.660004,335930.0
2023-03-09,76.5,78.059998,75.43,75.720001,349960.0
2023-03-10,75.650002,77.110001,74.769997,76.68,371834.0
2023-03-13,76.599998,77.470001,72.300003,74.800003,457423.0
2023-03-14,74.699997,74.900002,70.779999,71.330002,432858.0
2023-03-15,71.559998,72.559998,65.650002,67.610001,555164.0
2023-03-16,68.220001,69.379997,65.709999,68.349998,327120.0
2023-03-17,68.260002,69.639999,65.169998,66.739998,152255.0
2023-03-20,66.620003,67.699997,64.120003,67.639999,76873.0
2023-03-21,67.620003,69.599998,66.769997,69.330002,409495.0
2023-03-22,69.480003,71.309998,68.889999,70.900002,337639.0
2023-03-23,69.949997,71.669998,69.139999,69.959999,335241.0
2023-03-24,69.510002,70.379997,66.82,69.260002,380852.0
2023-03-27,69.419998,73.099998,69.129997,72.809998,353598.0
2023-03-28,72.860001,73.93,72.190002,73.199997,328472.0
2023-03-29,73.610001,74.370003,72.760002,72.970001,312669.0
2023-03-30,72.980003,74.629997,72.610001,74.370003,269743.0
2023-03-31,74.370003,75.720001,73.769997,75.669998,304361.0
2023-04-03,80.099998,81.690002,79.0,80.419998,547126.0
2023-04-04,80.440002,81.809998,79.610001,80.709999,343570.0
2023-04-05,81.010002,81.239998,79.720001,80.610001,254974.0
2023-04-06,80.370003,80.959999,79.650002,80.699997,0.0
2023-04-10,80.5,81.220001,79.610001,79.739998,264906.0
2023-04-11,79.879997,81.589996,79.370003,81.529999,309683.0
2023-04-12,81.440002,83.529999,81.279999,83.260002,356133.0
2023-04-13,83.220001,83.440002,82.110001,82.160004,261230.0
2023-04-14,82.400002,83.120003,81.760002,82.519997,275129.0
2023-04-17,82.480003,82.709999,80.470001,80.830002,217048.0
2023-04-18,81.0,81.480003,79.870003,80.860001,96290.0
2023-04-19,80.919998,81.18,78.459999,79.160004,78310.0
2023-04-20,78.870003,78.889999,76.970001,77.290001,361413.0
2023-04-21,77.129997,78.389999,76.720001,77.870003,291114.0
2023-04-24,77.970001,79.18,76.720001,78.760002,306720.0
2023-04-25,78.739998,79.07,76.5,77.07,361646.0
2023-04-26,77.080002,77.93,74.050003,74.300003,497778.0
2023-04-27,74.379997,75.279999,74.029999,74.760002,345880.0
2023-04-28,74.910004,76.919998,73.93,76.779999,328399.0
2023-05-01,76.660004,76.690002,74.529999,75.660004,215017.0
2023-05-02,75.760002,76.110001,71.419998,71.660004,417820.0
2023-05-03,71.559998,71.790001,67.949997,68.599998,490523.0
2023-05-04,68.160004,69.839996,63.639999,68.559998,412495.0
2023-05-05,68.699997,71.809998,68.480003,71.339996,330585.0
2023-05-08,71.349998,73.690002,71.040001,73.160004,290076.0
2023-05-09,72.839996,73.779999,71.339996,73.709999,317493.0
2023-05-10,73.580002,73.889999,71.800003,72.559998,351506.0
2023-05-11,72.769997,73.5,70.629997,70.870003,365892.0
2023-05-12,71.419998,71.779999,69.93,70.040001,275435.0
2023-05-15,70.040001,71.690002,69.410004,71.110001,259013.0
2023-05-16,71.32,71.790001,70.449997,70.860001,232328.0
2023-05-17,70.599998,73.260002,70.040001,72.830002,273708.0
2023-05-18,72.75,72.870003,71.419998,71.860001,80864.0
2023-05-19,71.940002,73.400002,71.029999,71.550003,69949.0
2023-05-22,71.699997,72.360001,70.550003,71.989998,263977.0
2023-05-23,72.099998,73.790001,71.709999,72.910004,317586.0
2023-05-24,73.769997,74.730003,73.129997,74.339996,386611.0
2023-05-25,74.209999,74.370003,70.980003,71.830002,422637.0
2023-05-26,71.889999,73.050003,71.489998,72.669998,261498.0
2023-05-30,73.230003,73.550003,69.019997,69.459999,440862.0
2023-05-31,69.620003,69.690002,67.029999,68.089996,444787.0
2023-06-01,67.599998,71.07,67.510002,70.099998,395393.0
2023-06-02,70.209999,72.169998,70.0,71.739998,322596.0
2023-06-05,75.029999,75.059998,71.730003,72.150002,383943.0
2023-06-06,71.989998,72.330002,70.129997,71.739998,314962.0
2023-06-07,71.559998,73.190002,71.010002,72.529999,299127.0
2023-06-08,72.470001,73.279999,69.029999,71.290001,485396.0
2023-06-09,70.940002,71.769997,70.099998,70.169998,300724.0
2023-06-12,70.269997,70.330002,66.800003,67.120003,404769.0
2023-06-13,67.309998,69.830002,67.150002,69.419998,366354.0
2023-06-14,69.349998,70.489998,68.07,68.269997,304449.0
2023-06-15,68.699997,70.959999,67.970001,70.620003,115613.0
2023-06-16,70.550003,71.889999,69.949997,71.779999,99185.0
2023-06-20,71.449997,72.089996,69.650002,70.5,430492.0
2023-06-21,70.900002,72.720001,70.800003,72.529999,264656.0
2023-06-22,72.43,72.650002,68.93,69.510002,421348.0
2023-06-23,69.529999,69.650002,67.349998,69.160004,322475.0
2023-06-26,69.839996,70.110001,68.709999,69.370003,280116.0
2023-06-27,69.489998,70.150002,67.5,67.699997,384752.0
2023-06-28,68.010002,69.730003,67.050003,69.559998,368295.0
2023-06-29,69.25,70.599998,68.93,69.860001,292865.0
2023-06-30,69.82,71.040001,69.529999,70.639999,299873.0
2023-07-03,70.449997,71.769997,69.690002,69.790001,303479.0
2023-07-05,70.150002,72.169998,69.900002,71.790001,456809.0
2023-07-06,71.800003,72.339996,70.220001,71.800003,395381.0
2023-07-07,71.889999,73.919998,71.190002,73.860001,362632.0
2023-07-10,73.860001,74.150002,72.669998,72.989998,301014.0
2023-07-11,73.190002,74.959999,72.980003,74.830002,326883.0
2023-07-12,74.830002,76.150002,74.669998,75.75,352887.0
2023-07-13,75.849998,77.330002,75.32,76.889999,379728.0
2023-07-14,77.160004,77.300003,75.110001,75.419998,299576.0
2023-07-17,75.019997,76.089996,73.839996,74.150002,244785.0
2023-07-18,74.18,75.959999,73.879997,75.75,125092.0
2023-07-19,75.839996,76.970001,75.07,75.349998,92920.0
2023-07-20,75.349998,76.150002,74.720001,75.629997,340962.0
2023-07-21,75.699997,77.290001,75.690002,77.07,308106.0
2023-07-24,77.010002,79.279999,76.440002,78.739998,368285.0
2023-07-25,78.849998,79.900002,78.290001,79.629997,349600.0
2023-07-26,79.339996,79.769997,78.550003,78.779999,322031.0
2023-07-27,78.900002,80.599998,78.870003,80.089996,374358.0
2023-07-28,79.839996,80.709999,79.07,80.580002,299547.0
2023-07-31,80.650002,82.0,80.129997,81.800003,297270.0
2023-08-01,81.730003,82.220001,80.589996,81.370003,307859.0
2023-08-02,82.050003,82.43,79.050003,79.489998,414825.0
2023-08-03,79.769997,81.860001,78.690002,81.550003,402641.0
2023-08-04,81.730003,83.239998,81.510002,82.82,320873.0
2023-08-07,82.82,83.300003,81.519997,81.940002,293036.0
2023-08-08,82.529999,83.080002,79.900002,82.919998,424545.0
2023-08-09,82.879997,84.650002,82.669998,84.400002,478140.0
2023-08-10,84.25,84.889999,82.580002,82.82,362188.0
2023-08-11,82.830002,83.809998,82.230003,83.190002,331254.0
2023-08-14,83.089996,83.199997,81.760002,82.510002,277352.0
2023-08-15,82.519997,82.910004,80.400002,80.989998,303207.0
2023-08-16,81.230003,81.43,79.050003,79.379997,325403.0
2023-08-17,79.25,81.080002,78.949997,80.389999,235581.0
2023-08-18,80.040001,81.610001,79.589996,81.25,128090.0
2023-08-21,81.43,82.470001,80.610001,80.720001,115874.0
2023-08-22,80.800003,80.989998,80.099998,80.349998,287489.0
2023-08-23,79.639999,79.910004,77.620003,78.889999,378146.0
2023-08-24,78.57,79.279999,77.589996,79.050003,349230.0
2023-08-25,78.879997,80.449997,78.139999,79.830002,411409.0
2023-08-28,80.150002,80.870003,79.610001,80.099998,246584.0
2023-08-29,79.980003,81.410004,79.339996,81.160004,284168.0
2023-08-30,81.290001,82.050003,80.879997,81.629997,299418.0
2023-08-31,81.699997,83.690002,81.480003,83.629997,368848.0
2023-09-01,83.629997,86.059998,83.459999,85.550003,420461.0
2023-09-05,86.059998,88.07,85.019997,86.690002,452908.0
2023-09-06,86.720001,88.080002,85.93,87.540001,307115.0
2023-09-07,87.540001,87.739998,86.389999,86.870003,270736.0
2023-09-08,86.779999,87.949997,86.150002,87.510002,294437.0
2023-09-11,87.400002,88.150002,86.709999,87.290001,292388.0
2023-09-12,87.269997,89.370003,87.220001,88.839996,341137.0
2023-09-13,88.75,89.639999,88.290001,88.519997,345972.0
2023-09-14,88.809998,90.790001,88.68,90.160004,325270.0
2023-09-15,90.669998,91.230003,89.220001,90.769997,315003.0
2023-09-18,91.199997,92.43,90.75,91.480003,119258.0
2023-09-19,92.220001,93.739998,91.07,91.199997,94597.0
2023-09-20,91.550003,91.980003,89.870003,90.279999,457854.0
2023-09-21,89.300003,90.980003,88.370003,89.629997,351032.0
2023-09-22,89.620003,91.330002,89.309998,90.029999,402087.0
2023-09-25,90.550003,90.830002,89.029999,89.68,328369.0
2023-09-26,89.879997,90.739998,88.190002,90.389999,318016.0
2023-09-27,90.529999,94.169998,90.400002,93.68,504630.0
2023-09-28,93.779999,95.029999,91.389999,91.709999,406709.0
2023-09-29,91.760002,93.099998,90.349998,90.790001,355782.0
2023-10-02,90.82,91.879997,88.459999,88.82,334493.0
2023-10-03,88.669998,90.269997,87.760002,89.230003,350659.0
2023-10-04,89.419998,89.589996,84.160004,84.220001,459995.0
2023-10-05,84.449997,84.919998,82.150002,82.309998,465997.0
2023-10-06,82.279999,83.279999,81.5,82.790001,461139.0
2023-10-09,85.25,87.239998,84.669998,86.379997,435037.0
2023-10-10,86.43,86.739998,85.120003,85.970001,337654.0
2023-10-11,85.959999,86.510002,83.110001,83.489998,425395.0
2023-10-12,83.199997,85.199997,82.309998,82.910004,373492.0
2023-10-13,83.510002,87.830002,83.349998,87.690002,356863.0
2023-10-16,87.720001,88.330002,86.32,86.660004,235780.0
2023-10-17,87.059998,87.75,85.599998,86.660004,197124.0
2023-10-18,87.809998,89.879997,87.199997,88.32,92797.0
2023-10-19,88.239998,90.68,86.599998,89.370003,72058.0
2023-10-20,90.279999,90.779999,88.330002,88.75,311917.0
2023-10-23,88.0,88.290001,85.349998,85.489998,315517.0
2023-10-24,86.150002,86.300003,82.940002,83.739998,370591.0
2023-10-25,83.690002,85.559998,82.080002,85.389999,429459.0
2023-10-26,85.370003,85.589996,82.559998,83.209999,341792.0
2023-10-27,83.529999,85.900002,83.099998,85.540001,333760.0
2023-10-30,85.0,85.300003,81.82,82.309998,356928.0
2023-10-31,82.589996,83.370003,80.739998,81.019997,346007.0
2023-11-01,81.480003,83.419998,80.300003,80.440002,321592.0
2023-11-02,80.82,82.830002,80.220001,82.459999,307122.0
2023-11-03,82.580002,83.599998,80.099998,80.510002,457281.0
2023-11-06,81.129997,82.239998,80.660004,80.82,271131.0
2023-11-07,80.93,81.050003,77.089996,77.370003,396289.0
2023-11-08,77.120003,77.529999,74.910004,75.330002,429647.0
2023-11-09,75.650002,77.160004,75.209999,75.739998,303430.0
2023-11-10,75.589996,77.730003,75.309998,77.169998,266998.0
2023-11-13,77.150002,78.639999,76.209999,78.260002,262903.0
2023-11-14,78.529999,79.769997,77.790001,78.260002,263002.0
2023-11-15,78.169998,78.769997,76.309998,76.660004,282301.0
2023-11-16,76.599998,76.629997,72.160004,72.900002,125165.0
2023-11-17,72.970001,75.989998,72.75,75.889999,101484.0
2023-11-20,75.650002,78.220001,75.650002,77.599998,270638.0
2023-11-21,77.650002,77.919998,76.919998,77.769997,238629.0
2023-11-22,77.769997,77.970001,73.790001,77.099998,389325.0
2023-11-24,76.790001,77.089996,75.07,75.540001,281147.0
2023-11-27,75.309998,76.230003,74.059998,74.860001,289562.0
2023-11-28,75.07,77.019997,74.639999,76.410004,286618.0
2023-11-29,76.559998,78.089996,75.669998,77.860001,322170.0
2023-11-30,77.75,79.599998,75.050003,75.959999,559169.0
2023-12-01,75.589996,76.760002,73.93,74.07,358976.0
2023-12-04,74.580002,75.029999,72.629997,73.040001,388832.0
2023-12-05,73.300003,74.120003,72.019997,72.32,358703.0
2023-12-06,72.099998,72.599998,69.110001,69.379997,436803.0
2023-12-07,69.279999,70.480003,68.800003,69.339996,339000.0
2023-12-08,69.760002,71.629997,69.5,71.230003,302250.0
2023-12-11,71.150002,71.809998,70.349998,71.32,274414.0
2023-12-12,71.43,71.959999,68.220001,68.610001,324530.0
2023-12-13,68.730003,69.889999,67.709999,69.470001,306996.0
2023-12-14,69.849998,72.459999,69.540001,71.580002,275688.0
2023-12-15,71.610001,72.220001,70.300003,71.43,95513.0
2023-12-18,71.68,74.260002,70.639999,72.470001,73941.0
2023-12-19,72.480003,74.010002,71.849998,73.440002,230042.0
2023-12-20,74.059998,75.370003,73.599998,74.220001,273364.0
2023-12-21,73.809998,74.580002,72.440002,73.889999,251982.0
2023-12-22,73.910004,74.980003,73.389999,73.559998,222600.0
2023-12-26,73.559998,76.18,73.129997,75.57,208715.0
2023-12-27,75.32,75.660004,73.769997,74.110001,253323.0
2023-12-28,73.800003,74.400002,71.720001,71.769997,262748.0
2023-12-29,71.989998,72.620003,71.25,71.650002,214486.0
2024-01-02,71.709999,73.639999,70.059998,70.379997,330992.0
2024-01-03,70.5,73.230003,69.279999,72.699997,334861.0
2024-01-04,73.040001,74.0,71.059998,72.190002,344467.0
2024-01-05,72.400002,74.239998,72.209999,73.809998,325525.0
2024-01-08,73.510002,73.949997,70.129997,70.769997,392249.0
2024-01-09,70.910004,72.93,70.470001,72.239998,363445.0
2024-01-10,72.169998,73.589996,71.010002,71.370003,352772.0
2024-01-11,71.330002,73.809998,71.169998,72.019997,373645.0
2024-01-12,73.010002,75.25,72.360001,72.68,403636.0
2024-01-16,72.629997,73.559998,71.230003,72.400002,430437.0
2024-01-17,72.0,72.949997,70.5,72.559998,315679.0
2024-01-18,72.779999,74.379997,72.18,74.080002,86646.0
2024-01-19,74.080002,74.910004,73.199997,73.410004,78234.0
2024-01-22,73.410004,75.75,72.889999,75.190002,372284.0
2024-01-23,74.68,75.25,73.410004,74.370003,306060.0
2024-01-24,74.57,75.830002,73.940002,75.089996,323726.0
2024-01-25,75.300003,77.510002,75.160004,77.360001,320177.0
2024-01-26,77.150002,78.260002,76.059998,78.010002,365456.0
2024-01-29,78.900002,79.290001,76.410004,76.779999,331925.0
2024-01-30,77.019997,78.139999,75.849998,77.82,347242.0
2024-01-31,77.839996,78.110001,75.519997,75.849998,344493.0
2024-02-01,75.959999,76.949997,73.699997,73.82,577936.0
2024-02-02,73.910004,74.519997,71.790001,72.279999,467768.0
2024-02-05,72.75,73.279999,71.410004,72.779999,350843.0
2024-02-06,72.760002,73.82,72.379997,73.309998,310955.0
2024-02-07,73.5,74.220001,73.230003,73.860001,294955.0
2024-02-08,74.080002,76.589996,73.559998,76.220001,377906.0
2024-02-09,76.419998,77.290001,75.93,76.839996,302612.0
2024-02-12,76.599998,77.089996,75.540001,76.919998,248476.0
2024-02-13,77.029999,78.470001,76.870003,77.870003,338174.0
2024-02-14,77.809998,78.769997,76.379997,76.639999,296131.0
2024-02-15,76.599998,78.440002,75.779999,78.029999,122432.0
2024-02-16,78.110001,79.349998,77.220001,79.190002,113713.0
2024-02-20,78.980003,79.800003,77.669998,78.18,435235.0
2024-02-21,77.150002,78.080002,76.32,77.910004,323243.0
2024-02-22,78.089996,78.919998,77.230003,78.610001,330511.0
2024-02-23,78.370003,78.389999,76.349998,76.489998,353437.0
2024-02-26,76.400002,78.029999,75.839996,77.580002,274710.0
2024-02-27,77.620003,79.0,77.169998,78.870003,269236.0
2024-02-28,78.480003,79.620003,77.779999,78.540001,330043.0
2024-02-29,78.199997,79.279999,77.940002,78.260002,317939.0
2024-03-01,78.279999,80.849998,78.050003,79.970001,363417.0
2024-03-04,80.139999,80.410004,78.559998,78.739998,347214.0
2024-03-05,78.739998,79.489998,77.519997,78.150002,436521.0
2024-03-06,78.150002,80.669998,77.989998,79.129997,371049.0
2024-03-07,79.129997,79.529999,78.019997,78.93,432923.0
2024-03-08,79.510002,79.989998,77.559998,78.010002,347533.0
2024-03-11,77.800003,78.470001,76.790001,77.93,329873.0
2024-03-12,78.089996,78.730003,77.339996,77.559998,309922.0
2024-03-13,78.059998,79.900002,77.57,79.720001,316390.0
2024-03-14,79.629997,81.620003,79.57,81.260002,297450.0
2024-03-15,81.139999,81.449997,80.489998,81.040001,185078.0
2024-03-18,81.029999,83.089996,81.010002,82.720001,84718.0
2024-03-19,82.849998,83.849998,82.389999,83.470001,76814.0
2024-03-20,83.199997,83.209999,81.440002,81.68,351161.0
2024-03-21,81.489998,81.919998,80.300003,81.07,266860.0
2024-03-22,80.839996,81.449997,80.419998,80.629997,231101.0
2024-03-25,80.849998,82.480003,80.589996,81.949997,300360.0
2024-03-26,81.940002,82.360001,81.220001,81.620003,235845.0
2024-03-27,81.290001,81.739998,80.550003,81.349998,249964.0
2024-03-28,81.709999,83.209999,81.519997,83.169998,293774.0
2024-04-01,83.139999,84.489998,82.599998,83.709999,321059.0
2024-04-02,84.040001,85.5,83.849998,85.150002,344040.0
2024-04-03,85.459999,86.199997,84.849998,85.43,322549.0
2024-04-04,85.660004,87.220001,84.639999,86.589996,359534.0
2024-04-05,86.860001,87.629997,86.32,86.910004,353206.0
2024-04-08,86.099998,87.099998,84.690002,86.43,393734.0
2024-04-09,86.589996,86.980003,85.089996,85.230003,314994.0
2024-04-10,85.339996,86.379997,84.550003,86.209999,373939.0
2024-04-11,86.32,86.629997,84.839996,85.019997,388128.0
2024-04-12,85.599998,87.669998,85.239998,85.660004,369958.0
2024-04-15,85.93,86.110001,84.050003,85.410004,343894.0
2024-04-16,85.699997,86.18,84.75,85.360001,241343.0
2024-04-17,85.360001,85.510002,82.550003,82.690002,259540.0
2024-04-18,82.790001,83.470001,81.559998,82.730003,84468.0
2024-04-19,82.620003,86.279999,81.800003,83.139999,76901.0
2024-04-22,83.050003,83.349998,81.849998,82.849998,313914.0
2024-04-23,82.129997,83.43,80.879997,83.360001,355814.0
2024-04-24,83.400002,83.709999,82.440002,82.809998,329077.0
2024-04-25,82.830002,83.830002,81.989998,83.57,314116.0
2024-04-26,83.809998,84.459999,83.349998,83.849998,244090.0
2024-04-29,83.690002,83.910004,82.400002,82.629997,336984.0
2024-04-30,82.760002,83.300003,80.949997,81.93,400680.0
2024-05-01,81.480003,81.57,78.830002,79.0,441978.0
2024-05-02,79.150002,79.900002,78.410004,78.949997,359652.0
2024-05-03,79.07,79.629997,77.959999,78.110001,324438.0
2024-05-06,78.160004,79.089996,77.910004,78.480003,297369.0
2024-05-07,78.720001,79.169998,77.550003,78.379997,327593.0
2024-05-08,78.339996,79.269997,76.889999,78.989998,355449.0
2024-05-09,79.230003,79.800003,78.910004,79.260002,272712.0
2024-05-10,79.589996,79.959999,78.139999,78.260002,281169.0
2024-05-13,78.18,79.489998,77.779999,79.120003,287701.0
2024-05-14,79.230003,79.379997,77.68,78.019997,307410.0
2024-05-15,78.440002,78.919998,76.699997,78.629997,321267.0
2024-05-16,78.839996,79.849998,78.199997,79.230003,230277.0
2024-05-17,79.379997,80.139999,79.0,80.059998,94152.0
2024-05-20,80.010002,80.599998,79.169998,79.800003,85072.0
2024-05-21,79.699997,79.720001,78.080002,79.260002,371672.0
2024-05-22,78.209999,78.410004,77.25,77.57,314145.0
2024-05-23,77.290001,78.660004,76.43,76.870003,330273.0
2024-05-24,77.040001,78.050003,76.150002,77.720001,299075.0
2024-05-28,77.809998,80.290001,77.690002,79.830002,334074.0
2024-05-29,80.260002,80.620003,78.989998,79.230003,259594.0
2024-05-30,79.279999,79.419998,77.629997,77.910004,373779.0
2024-05-31,77.910004,78.620003,76.669998,76.989998,345120.0
2024-06-03,76.970001,77.519997,73.980003,74.220001,443271.0
2024-06-04,74.019997,74.129997,72.480003,73.25,408721.0
2024-06-05,72.900002,74.330002,72.82,74.07,307701.0
2024-06-06,74.300003,75.790001,74.059998,75.550003,291082.0
2024-06-07,75.669998,76.25,75.209999,75.529999,280253.0
2024-06-10,75.349998,78.290001,75.230003,77.739998,317031.0
2024-06-11,78.120003,78.360001,77.220001,77.900002,314874.0
2024-06-12,78.220001,79.32,77.879997,78.5,322285.0
2024-06-13,78.370003,78.889999,77.669998,78.620003,307638.0
2024-06-14,77.959999,79.150002,77.730003,78.449997,245827.0
2024-06-17,78.480003,80.660004,77.980003,80.330002,126733.0
2024-06-18,80.43,81.669998,79.769997,81.57,140709.0
2024-06-20,81.519997,82.410004,81.129997,82.169998,420499.0
2024-06-21,81.269997,81.790001,80.349998,80.730003,290500.0
2024-06-24,80.449997,81.779999,80.230003,81.629997,271745.0
2024-06-25,81.699997,81.900002,80.550003,80.830002,286038.0
2024-06-26,80.720001,81.629997,80.18,80.900002,308410.0
2024-06-27,80.860001,82.040001,80.510002,81.739998,306342.0
2024-06-28,81.860001,82.720001,80.970001,81.540001,260252.0
2024-07-01,81.449997,83.639999,81.379997,83.379997,345780.0
2024-07-02,83.43,84.379997,82.720001,82.809998,367787.0
2024-07-03,83.199997,83.93,82.459999,83.879997,289685.0
2024-07-05,83.599998,84.519997,83.019997,83.160004,361357.0
2024-07-08,83.150002,83.32,82.080002,82.330002,251774.0
2024-07-09,82.220001,82.480003,81.25,81.410004,297325.0
2024-07-10,81.809998,82.660004,80.809998,82.099998,334380.0
2024-07-11,82.400002,83.129997,81.629997,82.620003,324170.0
2024-07-12,82.860001,83.739998,82.099998,82.209999,370062.0
2024-07-15,82.160004,82.580002,81.470001,81.910004,296520.0
2024-07-16,81.919998,81.93,80.220001,80.760002,308186.0
2024-07-17,80.849998,83.099998,80.449997,82.849998,257437.0
2024-07-18,83.110001,83.82,82.040001,82.82,95704.0
2024-07-19,82.470001,82.879997,80.07,80.129997,83795.0
2024-07-22,80.389999,80.690002,79.169998,79.779999,345235.0
2024-07-23,78.269997,78.730003,76.400002,76.959999,417941.0
2024-07-24,77.449997,78.190002,76.980003,77.589996,355971.0
2024-07-25,77.5,78.470001,76.040001,78.279999,457288.0
2024-07-26,78.349998,78.599998,76.190002,77.160004,365121.0
2024-07-29,77.300003,77.690002,75.349998,75.809998,362635.0
2024-07-30,75.910004,75.970001,74.589996,74.730003,419478.0
2024-07-31,75.239998,78.660004,75.18,77.910004,460315.0
2024-08-01,78.589996,78.879997,76.239998,76.309998,383014.0
2024-08-02,76.870003,77.290001,72.970001,73.519997,467786.0
2024-08-05,74.209999,74.459999,71.669998,72.940002,500151.0
2024-08-06,73.860001,74.559998,72.199997,73.199997,352250.0
2024-08-07,72.839996,75.839996,72.580002,75.230003,427995.0
2024-08-08,75.470001,76.519997,74.599998,76.190002,327301.0
2024-08-09,76.019997,77.089996,75.849998,76.839996,263007.0
2024-08-12,76.989998,80.160004,76.699997,80.059998,376747.0
2024-08-13,79.739998,80.150002,78.160004,78.349998,370763.0
2024-08-14,78.730003,79.099998,76.830002,76.980003,357636.0
2024-08-15,77.519997,78.599998,76.93,78.160004,195122.0
2024-08-16,78.160004,78.160004,75.540001,76.650002,100810.0
2024-08-19,76.580002,76.870003,74.169998,74.370003,118172.0
2024-08-20,74.339996,75.029999,73.5,74.040001,329276.0
2024-08-21,73.120003,74.160004,71.459999,71.93,390527.0
2024-08-22,71.93,73.519997,71.580002,73.010002,334117.0
2024-08-23,72.959999,75.07,72.830002,74.830002,313764.0
2024-08-26,75.099998,77.599998,75.040001,77.419998,409675.0
2024-08-27,77.199997,77.480003,75.400002,75.529999,331162.0
2024-08-28,75.75,75.949997,73.82,74.519997,337361.0
2024-08-29,74.419998,76.910004,74.050003,75.910004,408147.0
2024-08-30,75.870003,76.589996,73.360001,73.550003,427273.0
2024-09-03,73.529999,74.410004,70.099998,70.339996,546617.0
2024-09-04,70.279999,71.459999,68.82,69.199997,482025.0
2024-09-05,69.269997,70.82,68.75,69.150002,405596.0
2024-09-06,69.330002,70.129997,67.169998,67.669998,351074.0
2024-09-09,68.129997,68.959999,67.309998,68.709999,351074.0
2024-09-10,68.779999,69.080002,65.269997,65.75,442855.0
2024-09-11,66.279999,67.970001,65.629997,67.309998,393311.0
2024-09-12,67.389999,69.809998,67.239998,68.970001,351976.0
2024-09-13,69.309998,70.32,68.470001,68.650002,308983.0
2024-09-16,69.160004,70.699997,68.650002,70.089996,295176.0
2024-09-17,70.5,71.919998,69.610001,71.190002,251629.0
2024-09-18,71.139999,71.480003,69.730003,70.910004,102907.0
2024-09-19,70.129997,72.489998,70.129997,71.949997,86630.0
2024-09-20,72.099998,72.400002,71.360001,71.919998,306997.0
2024-09-23,71.309998,71.809998,69.489998,70.370003,338267.0
2024-09-24,70.760002,72.400002,70.440002,71.559998,318516.0
2024-09-25,71.540001,71.720001,69.230003,69.690002,476237.0
2024-09-26,69.889999,70.010002,66.949997,67.669998,478069.0
2024-09-27,67.449997,68.650002,67.059998,68.18,341133.0
2024-09-30,68.629997,69.32,67.57,68.169998,350115.0
2024-10-01,68.410004,71.940002,66.330002,69.830002,668216.0
2024-10-02,70.800003,72.489998,69.870003,70.099998,429225.0
2024-10-03,70.980003,74.089996,70.519997,73.709999,460554.0
2024-10-04,73.949997,75.57,73.459999,74.379997,428815.0
2024-10-07,74.400002,77.400002,73.620003,77.139999,419018.0
2024-10-08,77.330002,78.459999,72.690002,73.57,496760.0
2024-10-09,73.839996,74.449997,71.529999,73.239998,401159.0
2024-10-10,73.389999,76.239998,73.260002,75.849998,321453.0
2024-10-11,75.739998,76.040001,74.529999,75.559998,315302.0
2024-10-14,75.050003,75.080002,71.809998,73.830002,273455.0
2024-10-15,71.510002,72.120003,69.709999,70.580002,328738.0
2024-10-16,70.989998,71.309998,69.639999,70.389999,222437.0
2024-10-17,70.68,71.110001,69.440002,70.669998,188161.0
2024-10-18,70.75,71.230003,68.690002,69.220001,95768.0
2024-10-21,69.459999,71.029999,69.0,70.559998,92584.0
2024-10-22,70.489998,72.660004,70.050003,72.089996,330456.0
2024-10-23,71.349998,71.720001,70.129997,70.769997,293835.0
2024-10-24,71.019997,72.339996,69.769997,70.190002,286571.0
2024-10-25,70.330002,71.919998,69.959999,71.779999,287189.0
2024-10-28,68.980003,69.0,66.919998,67.379997,419623.0
2024-10-29,68.019997,68.519997,66.720001,67.209999,291929.0
2024-10-30,67.470001,69.169998,67.279999,68.610001,284795.0
2024-10-31,69.099998,70.809998,68.300003,69.260002,311055.0
2024-11-01,70.440002,71.449997,69.32,69.489998,320572.0
2024-11-04,70.290001,71.809998,70.25,71.470001,286947.0
2024-11-05,71.620003,72.669998,71.290001,71.989998,247311.0
2024-11-06,72.019997,72.629997,69.739998,71.690002,388265.0
2024-11-07,71.870003,72.879997,70.660004,72.360001,353595.0
2024-11-08,72.209999,72.25,69.989998,70.379997,362038.0
2024-11-11,70.25,70.559998,67.919998,68.040001,364506.0
2024-11-12,68.150002,69.129997,67.75,68.120003,286926.0
2024-11-13,67.980003,68.860001,66.940002,68.43,386027.0
2024-11-14,68.129997,69.389999,67.919998,68.699997,232270.0
2024-11-15,68.620003,68.690002,66.82,67.019997,205235.0
2024-11-18,66.860001,69.389999,66.610001,69.160004,110375.0
2024-11-19,69.010002,69.690002,68.449997,69.389999,89360.0
2024-11-20,69.550003,70.150002,68.75,68.870003,235637.0
2024-11-21,69.040001,70.379997,68.860001,70.099998,283850.0
2024-11-22,70.18,71.510002,69.290001,71.239998,408207.0
2024-11-25,71.440002,71.480003,68.739998,68.940002,380922.0
2024-11-26,69.080002,70.300003,68.050003,68.769997,292138.0
2024-11-27,68.910004,69.370003,68.18,68.720001,227215.0
2024-11-29,68.769997,69.690002,67.870003,68.0,291408.0
2024-12-02,68.0,69.110001,67.709999,68.099998,264883.0
2024-12-03,68.160004,70.230003,67.910004,69.940002,303752.0
2024-12-04,70.019997,70.510002,68.489998,68.540001,325636.0
2024-12-05,68.739998,69.160004,67.980003,68.300003,286701.0
2024-12-06,68.440002,68.489998,66.980003,67.199997,341593.0
2024-12-09,67.150002,68.879997,67.080002,68.370003,297085.0
2024-12-10,68.190002,69.059998,67.720001,68.589996,286003.0
2024-12-11,68.5,70.529999,68.440002,70.290001,335892.0
2024-12-12,70.43,70.720001,69.139999,70.019997,326046.0
2024-12-13,70.059998,71.419998,69.870003,71.290001,230429.0
2024-12-16,71.440002,71.440002,70.370003,70.709999,204296.0
2024-12-17,70.610001,70.919998,69.18,70.080002,99604.0
2024-12-18,70.220001,71.379997,69.989998,70.580002,99386.0
2024-12-19,70.139999,71.260002,69.699997,69.910004,291660.0
2024-12-20,69.230003,69.849998,68.419998,69.459999,231592.0
2024-12-23,69.400002,69.940002,68.589996,69.239998,188843.0
2024-12-24,69.559998,70.43,69.360001,70.099998,122602.0
2024-12-26,70.199997,70.75,69.330002,69.620003,144877.0
2024-12-27,69.68,70.75,69.440002,70.599998,172641.0
2024-12-30,70.419998,71.559998,70.120003,70.989998,199296.0
2024-12-31,71.150002,72.019997,70.870003,71.720001,151155.0
2025-01-02,71.849998,73.730003,71.790001,73.129997,306498.0
2025-01-03,73.129997,74.349998,72.699997,73.959999,296040.0
2025-01-06,74.050003,74.989998,73.199997,73.559998,306042.0
2025-01-07,73.440002,74.529999,73.110001,74.25,277328.0
2025-01-08,74.519997,75.290001,73.160004,73.32,328617.0
2025-01-09,73.32,74.32,72.839996,73.919998,213421.0
2025-01-10,74.290001,77.860001,74.019997,76.57,478432.0
2025-01-13,76.540001,79.269997,76.540001,78.82,460942.0
2025-01-14,78.82,79.089996,77.410004,77.5,326729.0
2025-01-15,78.029999,80.769997,77.239998,80.040001,321422.0
2025-01-16,80.400002,80.589996,77.870003,78.68,159948.0
2025-01-17,78.75,79.440002,77.760002,77.879997,112409.0
2025-01-21,78.190002,78.470001,75.489998,75.889999,568807.0
2025-01-22,75.879997,76.449997,75.279999,75.440002,315333.0
2025-01-23,75.389999,76.0,74.139999,74.620003,350688.0
2025-01-24,74.300003,75.209999,74.010002,74.660004,319679.0
2025-01-27,74.540001,75.150002,72.379997,73.169998,334418.0
2025-01-28,73.150002,74.309998,72.93,73.769997,326075.0
2025-01-29,73.949997,74.080002,72.330002,72.620003,312733.0
2025-01-30,73.0,73.839996,72.019997,72.730003,336475.0
2025-01-31,73.199997,73.839996,71.940002,72.529999,376335.0
2025-02-03,74.139999,75.18,72.050003,73.160004,517853.0
2025-02-04,72.349998,73.349998,70.669998,72.699997,452961.0
2025-02-05,72.760002,72.970001,70.959999,71.029999,289902.0
2025-02-06,71.18,71.849998,70.43,70.610001,299037.0
2025-02-07,70.559998,71.410004,70.470001,71.0,273766.0
2025-02-10,71.0,72.540001,70.839996,72.32,255941.0
2025-02-11,72.489998,73.68,72.309998,73.32,266819.0
2025-02-12,73.199997,73.220001,71.169998,71.370003,318123.0
2025-02-13,71.239998,71.599998,70.220001,71.290001,278197.0
2025-02-14,71.519997,72.019997,70.519997,70.739998,207719.0
2025-02-18,70.699997,72.07,70.120003,71.849998,130937.0
2025-02-19,71.779999,73.040001,71.709999,72.25,69012.0
2025-02-20,72.18,73.25,71.849998,72.57,240060.0
2025-02-21,72.580002,72.769997,70.169998,70.400002,268470.0
2025-02-24,69.800003,70.940002,69.800003,70.699997,205468.0
2025-02-25,70.919998,71.260002,68.68,68.93,267310.0
2025-02-26,69.110001,69.279999,68.360001,68.620003,255601.0
2025-02-27,68.82,70.540001,68.610001,70.349998,265933.0
2025-02-28,70.169998,70.290001,69.139999,69.760002,250074.0
2025-03-03,69.949997,70.599998,67.889999,68.370003,332751.0
2025-03-04,68.459999,68.559998,66.769997,68.260002,386750.0
2025-03-05,68.080002,68.099998,65.220001,66.309998,382493.0
2025-03-06,66.389999,67.089996,65.589996,66.360001,341632.0
2025-03-07,66.339996,68.220001,66.120003,67.040001,329710.0
2025-03-10,67.110001,67.599998,65.800003,66.029999,249633.0
2025-03-11,65.949997,67.169998,65.290001,66.25,222511.0
2025-03-12,66.620003,67.879997,66.150002,67.68,246675.0
2025-03-13,67.690002,67.940002,66.370003,66.550003,268590.0
2025-03-14,66.779999,67.480003,66.589996,67.18,180495.0
2025-03-17,67.349998,68.370003,67.25,67.580002,161298.0
2025-03-18,67.400002,68.720001,66.559998,66.900002,110338.0
2025-03-19,66.720001,67.629997,66.209999,67.160004,73077.0
2025-03-20,67.290001,68.470001,66.879997,68.260002,283376.0
2025-03-21,68.349998,68.650002,67.650002,68.279999,198964.0
2025-03-24,68.349998,69.330002,67.949997,69.110001,247024.0
2025-03-25,69.160004,69.68,68.519997,69.0,258411.0
2025-03-26,69.160004,70.220001,69.059998,69.650002,262413.0
2025-03-27,69.959999,69.970001,69.120003,69.919998,211825.0
2025-03-28,69.910004,70.089996,68.870003,69.360001,246650.0
2025-03-31,69.43,71.830002,68.809998,71.480003,313087.0
2025-04-01,71.389999,72.099998,71.029999,71.199997,272832.0
2025-04-02,71.199997,72.279999,70.589996,71.709999,286501.0
2025-04-03,70.379997,70.410004,65.980003,66.949997,459238.0
2025-04-04,66.639999,66.900002,60.450001,61.990002,559638.0
2025-04-07,61.119999,63.900002,58.950001,60.700001,597617.0
2025-04-08,61.029999,61.75,57.880001,59.580002,557655.0
2025-04-09,58.32,62.93,55.119999,62.349998,592250.0
2025-04-10,62.709999,63.34,58.759998,60.07,391826.0
2025-04-11,60.200001,61.869999,59.43,61.5,306231.0
2025-04-14,61.700001,62.68,60.59,61.529999,238068.0
2025-04-15,61.580002,62.060001,60.880001,61.330002,197404.0
2025-04-16,61.540001,62.98,60.439999,62.470001,213194.0
2025-04-17,62.630001,64.860001,62.610001,64.68,111479.0
2025-04-21,64.300003,64.419998,62.450001,63.080002,82671.0
2025-04-22,63.43,65.089996,63.43,64.309998,297928.0
2025-04-23,64.0,64.870003,61.529999,62.27,397841.0
2025-04-24,62.34,63.310001,61.990002,62.790001,264908.0
2025-04-25,62.860001,63.41,61.799999,63.02,283758.0
2025-04-28,63.490002,63.919998,61.48,62.049999,276116.0
2025-04-29,61.869999,62.07,60.119999,60.419998,312373.0
2025-04-30,60.16,60.43,57.91,58.209999,419549.0
2025-05-01,58.16,59.5,56.389999,59.240002,364216.0
2025-05-02,58.990002,59.869999,57.740002,58.290001,322096.0
2025-05-05,56.759998,57.700001,55.299999,57.130001,308387.0
2025-05-06,57.25,59.84,57.029999,59.09,343893.0
2025-05-07,58.98,60.259998,57.810001,58.07,295238.0
2025-05-08,57.93,60.290001,57.740002,59.91,281000.0
2025-05-09,60.25,61.450001,59.889999,61.02,239640.0
2025-05-12,61.389999,63.610001,61.02,61.950001,325865.0
2025-05-13,62.0,63.900002,61.650002,63.669998,258795.0
2025-05-14,63.619999,63.68,62.75,63.150002,225626.0
2025-05-15,62.880001,62.91,60.470001,61.619999,258404.0
2025-05-16,61.700001,62.709999,61.25,62.490002,121556.0
2025-05-19,62.75,63.400002,61.57,62.689999,95570.0
2025-05-20,62.68,63.169998,62.189999,62.560001,250414.0
2025-05-21,62.27,64.190002,61.279999,61.57,302702.0
2025-05-22,61.330002,61.75,60.25,61.200001,258549.0
2025-05-23,60.810001,61.880001,60.02,61.529999,273392.0
2025-05-27,61.700001,62.139999,60.259998,60.889999,291317.0
2025-05-28,61.040001,62.540001,60.849998,61.84,260374.0
2025-05-29,61.830002,63.07,60.549999,60.939999,299859.0
2025-05-30,60.939999,61.720001,59.740002,60.790001,384927.0
2025-06-02,61.110001,63.880001,61.060001,62.52,403580.0
2025-06-03,63.02,63.889999,62.400002,63.41,291260.0
2025-06-04,63.360001,63.959999,62.169998,62.849998,321128.0
2025-06-05,62.759998,63.98,62.5,63.369999,232423.0
2025-06-06,63.330002,64.800003,62.82,64.580002,310133.0
2025-06-09,64.800003,65.43,64.199997,65.290001,235900.0
2025-06-10,65.459999,66.279999,64.57,64.980003,279021.0
2025-06-11,64.760002,68.370003,64.599998,68.150002,378473.0
2025-06-12,69.029999,69.290001,66.720001,68.040001,379394.0
2025-06-13,68.900002,77.620003,68.489998,72.980003,715652.0
2025-06-16,76.540001,77.489998,69.379997,71.769997,367312.0
2025-06-17,71.110001,75.540001,71.0,74.839996,154264.0
2025-06-18,75.610001,76.07,72.940002,75.139999,0.0
2025-06-20,74.599998,77.580002,74.300003,74.93,678377.0
2025-06-23,78.0,78.400002,66.599998,68.510002,728868.0
2025-06-24,67.739998,67.830002,64.0,64.370003,541475.0
2025-06-25,65.120003,66.029999,64.510002,64.919998,278504.0
2025-06-26,64.980003,66.419998,64.660004,65.239998,233771.0
2025-06-27,65.300003,66.089996,64.800003,65.519997,236284.0
2025-06-30,65.150002,65.82,64.5,65.110001,193289.0
2025-07-01,64.959999,65.980003,64.669998,65.449997,193162.0
2025-07-02,65.559998,67.580002,65.230003,67.449997,265200.0
2025-07-03,67.5,67.580002,66.529999,67.0,0.0
2025-07-04,67.129997,67.18,66.040001,66.5,0.0
2025-07-07,65.699997,68.32,65.400002,67.93,332949.0
2025-07-08,67.959999,68.910004,67.330002,68.330002,219882.0
2025-07-09,68.18,68.940002,67.699997,68.379997,223945.0
2025-07-10,68.290001,68.650002,66.449997,66.57,258654.0
2025-07-11,66.849998,68.769997,66.5,68.449997,226297.0
2025-07-14,68.68,69.650002,66.800003,66.980003,263877.0
2025-07-15,66.860001,67.129997,66.220001,66.519997,252724.0
2025-07-16,66.730003,67.010002,65.419998,66.379997,248346.0
2025-07-17,66.599998,67.690002,66.290001,67.540001,188802.0
2025-07-18,67.599998,68.959999,67.199997,67.339996,107628.0
2025-07-21,67.32,67.760002,66.459999,67.199997,81194.0
2025-07-22,67.120003,67.129997,65.989998,66.209999,269991.0
2025-07-23,65.489998,65.779999,64.709999,65.25,251825.0
2025-07-24,65.419998,66.389999,65.330002,66.029999,281209.0
2025-07-25,66.150002,66.739998,65.0,65.160004,234283.0
2025-07-28,65.150002,67.139999,65.050003,66.709999,262038.0
2025-07-29,67.040001,69.760002,66.529999,69.209999,329112.0
2025-07-30,69.339996,70.510002,68.449997,70.0,345336.0
2025-07-31,70.300003,70.410004,68.559998,69.260002,247031.0
2025-08-01,69.349998,69.580002,67.050003,67.330002,355819.0
2025-08-04,66.849998,67.739998,65.459999,66.290001,277375.0
2025-08-05,66.209999,66.389999,65.029999,65.160004,279030.0
2025-08-06,65.150002,66.75,63.639999,64.349998,353827.0
2025-08-07,64.360001,65.110001,63.700001,63.880001,300518.0
2025-08-08,63.849998,64.580002,62.77,63.880001,322939.0
2025-08-11,63.48,64.440002,63.02,63.959999,234807.0
2025-08-12,64.0,64.339996,63.060001,63.169998,304441.0
2025-08-13,63.07,63.380001,61.939999,62.650002,298939.0
2025-08-14,62.790001,64.099998,62.580002,63.959999,251652.0
2025-08-15,63.91,64.150002,62.68,62.799999,197390.0
2025-08-18,63.0,63.790001,62.18,63.419998,95113.0
2025-08-19,63.27,63.389999,62.25,62.349998,99484.0
2025-08-20,62.599998,63.549999,62.389999,63.209999,280663.0
2025-08-21,62.849998,63.669998,62.52,63.52,250166.0
2025-08-22,63.5,63.93,63.310001,63.66,223169.0
2025-08-25,63.880001,65.099998,63.529999,64.800003,185270.0
2025-08-26,64.75,64.760002,63.130001,63.25,199101.0
2025-08-27,63.310001,64.230003,62.950001,64.150002,193476.0
2025-08-28,63.869999,64.699997,63.349998,64.599998,208931.0
2025-08-29,64.260002,64.550003,63.880001,64.010002,0.0
2025-09-02,63.950001,66.029999,63.66,65.589996,320218.0
2025-09-03,65.620003,65.720001,63.720001,63.970001,298737.0
2025-09-04,63.82,63.84,62.720001,63.48,251689.0
2025-09-05,63.330002,63.490002,61.450001,61.869999,294540.0
2025-09-08,62.0,63.34,61.849998,62.259998,237288.0
2025-09-09,62.43,63.669998,62.369999,62.630001,268529.0
2025-09-10,62.740002,64.080002,62.720001,63.669998,260684.0
2025-09-11,63.799999,63.799999,62.209999,62.369999,222661.0
2025-09-12,62.27,63.98,61.689999,62.689999,313265.0
2025-09-15,62.970001,63.669998,62.52,63.299999,205560.0
2025-09-16,63.310001,64.760002,62.889999,64.519997,234250.0
2025-09-17,64.589996,64.669998,63.689999,64.050003,165427.0
2025-09-18,63.990002,64.550003,63.330002,63.57,82321.0
2025-09-19,63.59,63.650002,62.599998,62.68,87165.0
2025-09-22,62.740002,63.18,61.98,62.639999,223779.0
2025-09-23,62.330002,63.889999,61.849998,63.41,265948.0
2025-09-24,63.639999,65.050003,63.25,64.989998,282721.0
2025-09-25,64.800003,65.339996,64.059998,64.980003,258353.0
2025-09-26,65.199997,66.419998,64.660004,65.720001,284990.0
2025-09-29,65.07,65.400002,62.98,63.450001,294292.0
2025-09-30,63.139999,63.259998,62.029999,62.369999,271649.0
2025-10-01,62.459999,62.889999,61.400002,61.779999,274339.0
2025-10-02,61.779999,62.540001,60.400002,60.48,290507.0
2025-10-03,60.700001,61.380001,60.549999,60.880001,240044.0
2025-10-06,61.139999,62.119999,61.040001,61.689999,224682.0
2025-10-07,61.73,62.110001,60.720001,61.73,245121.0
2025-10-08,62.049999,62.919998,62.049999,62.549999,273318.0
2025-10-09,62.310001,62.869999,61.25,61.509998,259171.0
2025-10-10,61.490002,61.669998,58.220001,58.900002,339103.0
2025-10-13,59.0,60.169998,59.0,59.490002,339103.0
2025-10-14,59.580002,59.82,57.68,58.700001,259200.0
2025-10-15,58.599998,59.419998,58.200001,58.27,224919.0
2025-10-16,58.77,59.110001,57.259998,57.459999,203866.0
2025-10-17,57.5,57.720001,56.599998,57.540001,108748.0
2025-10-20,57.73,57.810001,56.349998,57.52,108146.0
2025-10-21,57.369999,58.279999,56.990002,57.82,314207.0
2025-10-22,57.59,59.830002,57.34,58.5,378637.0
2025-10-23,59.939999,62.200001,59.639999,61.790001,735186.0
2025-10-24,61.790001,62.59,61.209999,61.5,373744.0
2025-10-27,61.82,62.169998,60.669998,61.310001,272191.0
2025-10-28,61.5,61.5,59.759998,60.150002,307568.0
2025-10-29,60.18,61.02,59.700001,60.48,276875.0
2025-10-30,60.389999,60.790001,59.639999,60.57,247917.0
2025-10-31,60.299999,61.380001,59.990002,60.98,278598.0
2025-11-03,61.400002,61.5,60.509998,61.049999,0.0
2025-11-04,61.029999,61.029999,59.939999,60.560001,219300.0
2025-11-05,60.43,61.09,59.52,59.599998,292518.0
2025-11-06,59.68,60.509998,58.830002,59.43,277768.0
2025-11-07,59.650002,60.459999,59.32,59.75,259446.0
2025-11-10,59.869999,60.48,59.41,60.130001,222879.0
2025-11-11,60.07,61.279999,59.66,61.040001,264427.0
2025-11-12,61.049999,61.060001,58.299999,58.490002,329517.0
2025-11-13,58.470001,59.209999,58.119999,58.689999,247349.0
2025-11-14,58.709999,60.650002,58.709999,60.09,334116.0
2025-11-17,59.799999,60.439999,59.32,59.91,189638.0
2025-11-18,59.740002,60.93,59.310001,60.740002,105325.0
2025-11-19,60.619999,60.790001,58.77,59.439999,79622.0
2025-11-20,59.630001,60.330002,58.860001,59.139999,324282.0
2025-11-21,58.799999,58.799999,57.380001,58.060001,345014.0
2025-11-24,58.049999,59.060001,57.419998,58.84,238138.0
2025-11-25,58.889999,58.959999,57.099998,57.950001,334442.0
2025-11-26,58.049999,58.720001,57.66,58.650002,228285.0
2025-11-28,58.580002,59.639999,58.27,58.549999,153758.0
2025-12-01,58.959999,59.970001,58.830002,59.32,232770.0
2025-12-02,59.52,59.669998,58.279999,58.639999,255513.0
2025-12-03,58.650002,59.639999,58.369999,58.950001,260974.0
2025-12-04,59.09,60.02,58.810001,59.669998,264993.0
2025-12-05,59.700001,60.5,59.419998,60.080002,255075.0
2025-12-08,60.150002,60.299999,58.68,58.880001,263009.0
2025-12-09,58.869999,59.169998,58.119999,58.25,260206.0
2025-12-10,58.369999,59.049999,57.66,58.459999,256508.0
2025-12-11,58.91,58.939999,57.009998,57.599998,286808.0
2025-12-12,57.889999,58.189999,57.150002,57.439999,212806.0
2025-12-15,57.5,57.799999,56.400002,56.82,229310.0
2025-12-16,56.68,56.700001,54.98,55.27,230933.0
2025-12-17,55.23,56.98,55.200001,55.939999,125608.0
2025-12-18,56.900002,57.029999,55.880001,56.150002,85735.0
2025-12-19,56.029999,56.900002,55.82,56.66,209264.0
2025-12-22,56.630001,58.130001,56.599998,58.009998,221576.0
2025-12-23,57.950001,58.560001,57.740002,58.380001,183633.0
2025-12-24,58.470001,58.75,58.130001,58.349998,111762.0
2025-12-26,58.349998,58.880001,56.650002,56.740002,166669.0
2025-12-29,57.040001,58.299999,56.91,58.080002,178590.0
2025-12-30,57.810001,58.470001,57.599998,57.950001,143802.0
2025-12-31,57.950001,58.549999,57.200001,57.419998,157160.0
2026-01-02,57.41,57.93,56.599998,57.32,189503.0
2026-01-05,57.470001,58.509998,56.310001,58.32,301483.0
2026-01-06,58.34,58.869999,56.84,57.130001,292067.0
2026-01-07,57.0,57.169998,55.759998,55.990002,383128.0
2026-01-08,56.419998,58.740002,55.970001,57.759998,334134.0
2026-01-09,58.400002,59.77,57.610001,59.119999,360309.0
2026-01-12,59.0,59.91,58.450001,59.5,309700.0
2026-01-13,59.950001,61.5,59.470001,61.150002,411190.0
2026-01-14,61.119999,62.360001,59.189999,62.02,410261.0
2026-01-15,61.060001,61.139999,58.880001,59.189999,113642.0
2026-01-16,59.259998,60.18,58.939999,59.439999,113794.0
2026-01-20,59.009998,60.68,58.700001,60.34,499595.0
2026-01-21,59.57,60.889999,59.220001,60.619999,333062.0
2026-01-22,60.68,60.82,58.959999,59.360001,324349.0
2026-01-23,59.66,61.360001,59.52,61.07,283419.0
2026-01-26,61.220001,61.709999,60.32,60.630001,281062.0
2026-01-27,60.779999,62.630001,60.139999,62.389999,360208.0
2026-01-28,62.580002,63.57,62.07,63.209999,354864.0
2026-01-29,63.5,66.480003,63.279999,65.419998,560007.0
2026-01-30,65.519997,66.110001,63.639999,65.209999,449325.0
2026-02-02,64.720001,64.739998,61.389999,62.139999,414083.0
2026-02-03,62.279999,64.209999,61.119999,63.209999,381144.0
2026-02-04,63.799999,65.529999,62.860001,65.139999,446588.0
2026-02-05,64.489998,64.669998,62.650002,63.290001,389763.0
2026-02-06,63.099998,64.580002,62.200001,63.549999,448924.0
2026-02-09,62.990002,64.879997,62.619999,64.360001,298005.0
2026-02-10,64.440002,64.709999,63.650002,63.959999,276292.0
2026-02-11,64.199997,65.830002,64.150002,64.629997,340194.0
2026-02-12,64.870003,65.099998,62.389999,62.84,369303.0
2026-02-13,62.990002,63.259998,62.139999,62.889999,255793.0
2026-02-17,63.299999,64.139999,61.869999,62.330002,328727.0
2026-02-18,62.299999,65.559998,62.119999,65.190002,115379.0
2026-02-19,65.099998,66.900002,64.879997,66.43,113408.0
2026-02-20,66.669998,67.050003,65.940002,66.389999,351351.0
2026-02-23,65.889999,67.279999,65.379997,66.309998,270365.0
2026-02-24,66.309998,67.150002,65.550003,65.629997,312124.0
2026-02-25,66.07,66.599998,65.120003,65.419998,306780.0
2026-02-26,65.650002,66.709999,63.599998,65.209999,498542.0
2026-02-27,65.349998,67.830002,64.849998,67.019997,437053.0
2026-03-02,75.0,75.330002,69.199997,71.230003,881329.0
2026-03-03,71.230003,77.980003,70.410004,74.559998,881329.0
