timestamp,equity,cash,holdings,price
2025-12-21 00:00:00,10000.0,10000.0,0.0,88387.92
2025-12-21 00:00:00,10000.0,10000.0,0.0,88387.92
2025-12-21 01:00:00,10000.0,10000.0,0.0,88011.83
2025-12-21 02:00:00,10000.0,10000.0,0.0,87943.76
2025-12-21 03:00:00,10000.0,10000.0,0.0,88070.64
2025-12-21 04:00:00,10000.0,10000.0,0.0,88065.83
2025-12-21 05:00:00,10000.0,10000.0,0.0,88138.95
2025-12-21 06:00:00,10000.0,10000.0,0.0,88090.72
2025-12-21 07:00:00,10000.0,10000.0,0.0,88174.79
2025-12-21 08:00:00,10000.0,10000.0,0.0,88537.87
2025-12-21 09:00:00,10000.0,10000.0,0.0,88892.82
2025-12-21 10:00:00,10000.0,10000.0,0.0,88669.78
2025-12-21 11:00:00,10000.0,10000.0,0.0,88601.57
2025-12-21 12:00:00,10000.0,10000.0,0.0,88638.01
2025-12-21 13:00:00,10000.0,10000.0,0.0,87670.1
2025-12-21 14:00:00,10000.0,10000.0,0.0,88065.18
2025-12-21 15:00:00,10000.0,10000.0,0.0,88067.95
2025-12-21 16:00:00,10000.0,10000.0,0.0,88359.18
2025-12-21 17:00:00,10000.0,10000.0,0.0,88324.14
2025-12-21 18:00:00,10000.0,10000.0,0.0,88445.09
2025-12-21 19:00:00,10000.0,10000.0,0.0,88484.01
2025-12-21 20:00:00,10000.0,10000.0,0.0,88230.96
2025-12-21 21:00:00,10000.0,10000.0,0.0,88162.86
2025-12-21 22:00:00,10000.0,10000.0,0.0,88483.63
2025-12-21 23:00:00,10000.0,10000.0,0.0,88658.86
2025-12-22 00:00:00,10000.0,10000.0,0.0,88622.4
2025-12-22 01:00:00,10000.0,10000.0,0.0,88626.31
2025-12-22 02:00:00,10000.0,10000.0,0.0,88458.27
2025-12-22 03:00:00,10000.0,10000.0,0.0,88774.12
2025-12-22 04:00:00,10000.0,10000.0,0.0,88904.99
2025-12-22 05:00:00,10000.0,10000.0,0.0,88831.34
2025-12-22 06:00:00,10000.0,10000.0,0.0,88909.26
2025-12-22 07:00:00,10000.0,10000.0,0.0,89170.1
2025-12-22 08:00:00,10000.0,10000.0,0.0,89334.2
2025-12-22 09:00:00,10000.0,10000.0,0.0,89829.6
2025-12-22 10:00:00,10000.0,10000.0,0.0,89778.94
2025-12-22 11:00:00,10000.0,10000.0,0.0,89945.43
2025-12-22 12:00:00,10000.0,10000.0,0.0,90208.48
2025-12-22 13:00:00,10000.0,10000.0,0.0,89912.37
2025-12-22 14:00:00,10000.0,10000.0,0.0,90126.43
2025-12-22 15:00:00,10000.0,10000.0,0.0,89726.92
2025-12-22 16:00:00,10000.0,10000.0,0.0,89550.0
2025-12-22 17:00:00,10000.0,10000.0,0.0,89308.92
2025-12-22 18:00:00,10000.0,10000.0,0.0,89150.04
2025-12-22 19:00:00,10000.0,10000.0,0.0,88052.43
2025-12-22 20:00:00,10000.0,10000.0,0.0,88351.03
2025-12-22 21:00:00,10000.0,10000.0,0.0,88275.06
2025-12-22 22:00:00,10000.0,10000.0,0.0,88660.07
2025-12-22 23:00:00,10000.0,10000.0,0.0,88620.79
2025-12-23 00:00:00,10000.0,10000.0,0.0,88770.47
2025-12-23 01:00:00,10000.0,10000.0,0.0,88513.71
2025-12-23 02:00:00,10000.0,9000.0,0.011336994426733539,88206.8
2025-12-23 03:00:00,9999.582798605095,9000.0,0.011336994426733539,88170.0
2025-12-23 04:00:00,9996.873143567163,9000.0,0.011336994426733539,87930.99
2025-12-23 05:00:00,9994.991429232214,9000.0,0.011336994426733539,87765.01
2025-12-23 06:00:00,9990.853426266456,9000.0,0.011336994426733539,87400.01
2025-12-23 07:00:00,9992.83490615236,9000.0,0.011336994426733539,87574.79
2025-12-23 08:00:00,9991.727962016534,9000.0,0.011336994426733539,87477.15
2025-12-23 09:00:00,9992.348095611676,9000.0,0.011336994426733539,87531.85
2025-12-23 10:00:00,9993.301310103076,9000.0,0.011336994426733539,87615.93
2025-12-23 11:00:00,9996.03035140148,9000.0,0.011336994426733539,87856.65
2025-12-23 12:00:00,9995.265444387507,9000.0,0.011336994426733539,87789.18
2025-12-23 13:00:00,9993.309699478952,9000.0,0.011336994426733539,87616.67
2025-12-23 14:00:00,9984.890053828049,9000.0,0.011336994426733539,86874.0
2025-12-23 15:00:00,9991.345905304353,9000.0,0.011336994426733539,87443.45
2025-12-23 16:00:00,9997.69666284232,9000.0,0.011336994426733539,88003.63
2025-12-23 17:00:00,9988.359287492574,9000.0,0.011336994426733539,87180.01
2025-12-23 18:00:00,9997.372198061827,9000.0,0.011336994426733539,87975.01
2025-12-23 19:00:00,9994.853798119873,9000.0,0.011336994426733539,87752.87
2025-12-23 20:00:00,9994.158046771903,9000.0,0.011336994426733539,87691.5
2025-12-23 21:00:00,9994.513915026959,9000.0,0.011336994426733539,87722.89
2025-12-23 22:00:00,9990.847077549577,9000.0,0.011336994426733539,87399.45
2025-12-23 23:00:00,9991.82829441721,9000.0,0.011336994426733539,87486.0
2025-12-24 00:00:00,9993.806259834842,9000.0,0.011336994426733539,87660.47
2025-12-24 01:00:00,9993.489277470671,9000.0,0.011336994426733539,87632.51
2025-12-24 02:00:00,9987.842093806827,9000.0,0.011336994426733539,87134.39
2025-12-24 03:00:00,9990.130352761918,9000.0,0.011336994426733539,87336.23
2025-12-24 04:00:00,9987.992422352925,9000.0,0.011336994426733539,87147.65
2025-12-24 05:00:00,9985.841227660452,9000.0,0.011336994426733539,86957.9
2025-12-24 06:00:00,9986.536298788755,9000.0,0.011336994426733539,87019.21
2025-12-24 07:00:00,9985.315531228885,9000.0,0.011336994426733539,86911.53
2025-12-24 08:00:00,9984.000779985217,9000.0,0.011336994426733539,86795.56
2025-12-24 09:00:00,9984.196229769133,9000.0,0.011336994426733539,86812.8
2025-12-24 10:00:00,9987.198946112998,9000.0,0.011336994426733539,87077.66
2025-12-24 11:00:00,9988.630581769206,9000.0,0.011336994426733539,87203.94
2025-12-24 12:00:00,9991.176530607618,9000.0,0.011336994426733539,87428.51
2025-12-24 13:00:00,9989.571098826847,9000.0,0.011336994426733539,87286.9
2025-12-24 14:00:00,9986.258429055357,9000.0,0.011336994426733539,86994.7
2025-12-24 15:00:00,9986.88525147721,9000.0,0.011336994426733539,87049.99
2025-12-24 16:00:00,9989.529492057301,9000.0,0.011336994426733539,87283.23
2025-12-24 17:00:00,9989.977756816934,9000.0,0.011336994426733539,87322.77
2025-12-24 18:00:00,9991.65427155276,9000.0,0.011336994426733539,87470.65
2025-12-24 19:00:00,9992.735934191014,9000.0,0.011336994426733539,87566.06
2025-12-24 20:00:00,9992.624151425967,9000.0,0.011336994426733539,87556.2
2025-12-24 21:00:00,9994.212804454985,9000.0,0.011336994426733539,87696.33
2025-12-24 22:00:00,9997.766725467878,9000.0,0.011336994426733539,88009.81
2025-12-24 23:00:00,9993.908066044794,9000.0,0.011336994426733539,87669.45
2025-12-25 00:00:00,9992.76212264814,9000.0,0.011336994426733539,87568.37
2025-12-25 01:00:00,9994.254297854586,9000.0,0.011336994426733539,87699.99
2025-12-25 02:00:00,9996.438596570786,9000.0,0.011336994426733539,87892.66
2025-12-25 03:00:00,9995.846351981932,9000.0,0.011336994426733539,87840.42
2025-12-25 04:00:00,9995.085753025844,9000.0,0.011336994426733539,87773.33
2025-12-25 05:00:00,9994.827496292803,9000.0,0.011336994426733539,87750.55
2025-12-25 06:00:00,9995.801004004226,9000.0,0.011336994426733539,87836.42
2025-12-25 07:00:00,9995.814268287706,9000.0,0.011336994426733539,87837.59
2025-12-25 08:00:00,9992.946688917407,9000.0,0.011336994426733539,87584.65
2025-12-25 09:00:00,9992.287215951605,9000.0,0.011336994426733539,87526.48
2025-12-25 10:00:00,9991.013617997705,9000.0,0.011336994426733539,87414.14
2025-12-25 11:00:00,9992.20740351084,9000.0,0.011336994426733539,87519.44
2025-12-25 12:00:00,9992.735253971348,9000.0,0.011336994426733539,87566.0
2025-12-25 13:00:00,9993.55435181868,9000.0,0.011336994426733539,87638.25
2025-12-25 14:00:00,9994.460857893042,9000.0,0.011336994426733539,87718.21
2025-12-25 15:00:00,10001.864595473366,9000.0,0.011336994426733539,88371.27
2025-12-25 16:00:00,9998.638653709238,9000.0,0.011336994426733539,88086.72
2025-12-25 17:00:00,9999.232258737422,9000.0,0.011336994426733539,88139.08
2025-12-25 18:00:00,10000.390672827945,9000.0,0.011336994426733539,88241.26
2025-12-25 19:00:00,9999.369436369985,9000.0,0.011336994426733539,88151.18
2025-12-25 20:00:00,9996.438936680619,9000.0,0.011336994426733539,87892.69
2025-12-25 21:00:00,9996.535527873135,9000.0,0.011336994426733539,87901.21
2025-12-25 22:00:00,9993.687561503195,9000.0,0.011336994426733539,87650.0
2025-12-25 23:00:00,9988.872399860327,9000.0,0.011336994426733539,87225.27
2025-12-26 00:00:00,9987.678954457026,9000.0,0.011336994426733539,87120.0
2025-12-26 01:00:00,9991.219044336718,9000.0,0.011336994426733539,87432.26
2025-12-26 02:00:00,10011.259789494687,9000.0,0.011336994426733539,89199.99
2025-12-26 03:00:00,10007.233796033866,9000.0,0.011336994426733539,88844.87
2025-12-26 04:00:00,10008.643778030719,9000.0,0.011336994426733539,88969.24
2025-12-26 05:00:00,10008.953731458345,9000.0,0.011336994426733539,88996.58
2025-12-26 06:00:00,10010.401012166862,9000.0,0.011336994426733539,89124.24
2025-12-26 07:00:00,10002.992399678937,9000.0,0.011336994426733539,88470.75
2025-12-26 08:00:00,10006.070733775627,9000.0,0.011336994426733539,88742.28
2025-12-26 09:00:00,10006.858428148396,9000.0,0.011336994426733539,88811.76
2025-12-26 10:00:00,10006.139435961853,9000.0,0.011336994426733539,88748.34
2025-12-26 11:00:00,10003.70288911966,9000.0,0.011336994426733539,88533.42
2025-12-26 12:00:00,10005.352195068861,9000.0,0.011336994426733539,88678.9
2025-12-26 13:00:00,10008.911784578966,9000.0,0.011336994426733539,88992.88
2025-12-26 14:00:00,9990.63144791558,9000.0,0.011336994426733539,87380.43
2025-12-26 15:00:00,9987.880866327767,9000.0,0.011336994426733539,87137.81
2025-12-26 16:00:00,9984.683947269372,9000.0,0.011336994426733539,86855.82
2025-12-26 17:00:00,9990.081376945995,9000.0,0.011336994426733539,87331.91
2025-12-26 18:00:00,9989.467592067731,9000.0,0.011336994426733539,87277.77
2025-12-26 19:00:00,9992.007759038985,9000.0,0.011336994426733539,87501.83
2025-12-26 20:00:00,9992.959386351165,9000.0,0.011336994426733539,87585.77
2025-12-26 21:00:00,9991.653591333094,9000.0,0.011336994426733539,87470.59
2025-12-26 22:00:00,9992.553862060522,9000.0,0.011336994426733539,87550.0
2025-12-26 23:00:00,9990.508214786161,9000.0,0.011336994426733539,87369.56
2025-12-27 00:00:00,9990.865443480548,9000.0,0.011336994426733539,87401.07
2025-12-27 01:00:00,9991.703927588349,9000.0,0.011336994426733539,87475.03
2025-12-27 02:00:00,9991.37504138003,9000.0,0.011336994426733539,87446.02
2025-12-27 03:00:00,9992.148224399933,9000.0,0.011336994426733539,87514.22
2025-12-27 04:00:00,9991.649056535323,9000.0,0.011336994426733539,87470.19
2025-12-27 05:00:00,9992.055034305746,9000.0,0.011336994426733539,87506.0
2025-12-27 06:00:00,9991.635792251844,9000.0,0.011336994426733539,87469.02
2025-12-27 07:00:00,9992.432102740378,9000.0,0.011336994426733539,87539.26
2025-12-27 08:00:00,9993.04135282087,9000.0,0.011336994426733539,87593.0
2025-12-27 09:00:00,9993.335094346468,9000.0,0.011336994426733539,87618.91
2025-12-27 10:00:00,9992.021136692409,9000.0,0.011336994426733539,87503.01
2025-12-27 11:00:00,9991.714697733054,9000.0,0.011336994426733539,87475.98
2025-12-27 12:00:00,9991.695424842528,9000.0,0.011336994426733539,87474.28
2025-12-27 13:00:00,9991.451679462354,9000.0,0.011336994426733539,87452.78
2025-12-27 14:00:00,9992.496043388945,9000.0,0.011336994426733539,87544.9
2025-12-27 15:00:00,9992.568033303554,9000.0,0.011336994426733539,87551.25
2025-12-27 16:00:00,9991.968986518046,9000.0,0.011336994426733539,87498.41
2025-12-27 17:00:00,9992.69648145041,9000.0,0.011336994426733539,87562.58
2025-12-27 18:00:00,9991.987125709129,9000.0,0.011336994426733539,87500.01
2025-12-27 19:00:00,9992.773686382456,9000.0,0.011336994426733539,87569.39
2025-12-27 20:00:00,9992.620977067527,9000.0,0.011336994426733539,87555.92
2025-12-27 21:00:00,9993.894121541649,9000.0,0.011336994426733539,87668.22
2025-12-27 22:00:00,9992.735140601404,9000.0,0.011336994426733539,87565.99
2025-12-27 23:00:00,9996.261172608007,9000.0,0.011336994426733539,87877.01
2025-12-28 00:00:00,9996.011191880898,9000.0,0.011336994426733539,87854.96
2025-12-28 01:00:00,9995.228939265453,9000.0,0.011336994426733539,87785.96
2025-12-28 02:00:00,9995.510323467124,9000.0,0.011336994426733539,87810.78
2025-12-28 03:00:00,9994.708004371545,9000.0,0.011336994426733539,87740.01
2025-12-28 04:00:00,9994.536362275925,9000.0,0.011336994426733539,87724.87
2025-12-28 05:00:00,9993.777463868999,9000.0,0.011336994426733539,87657.93
2025-12-28 06:00:00,9994.617195046187,9000.0,0.011336994426733539,87732.0
2025-12-28 07:00:00,9994.604157502596,9000.0,0.011336994426733539,87730.85
2025-12-28 08:00:00,9995.444795639338,9000.0,0.011336994426733539,87805.0
2025-12-28 09:00:00,9995.388110667205,9000.0,0.011336994426733539,87800.0
2025-12-28 10:00:00,9996.03329902003,9000.0,0.011336994426733539,87856.91
2025-12-28 11:00:00,9996.331915453231,9000.0,0.011336994426733539,87883.25
2025-12-28 12:00:00,9995.961762585197,9000.0,0.011336994426733539,87850.6
2025-12-28 13:00:00,9996.483150958882,9000.0,0.011336994426733539,87896.59
2025-12-28 14:00:00,9996.635180054145,9000.0,0.011336994426733539,87910.0
2025-12-28 15:00:00,9995.799303455062,9000.0,0.011336994426733539,87836.27
2025-12-28 16:00:00,9995.547282068956,9000.0,0.011336994426733539,87814.04
2025-12-28 17:00:00,9994.934630890135,9000.0,0.011336994426733539,87760.0
2025-12-28 18:00:00,9993.103592920274,9000.0,0.011336994426733539,87598.49
2025-12-28 19:00:00,9992.22225497354,9000.0,0.011336994426733539,87520.75
2025-12-28 20:00:00,9992.154346376923,9000.0,0.011336994426733539,87514.76
2025-12-28 21:00:00,9992.988862536675,9000.0,0.011336994426733539,87588.37
2025-12-28 22:00:00,9996.522830439377,9000.0,0.011336994426733539,87900.09
2025-12-28 23:00:00,9997.119383086112,9000.0,0.011336994426733539,87952.71
2025-12-29 00:00:00,10001.007745434592,9000.0,0.011336994426733539,88295.69
2025-12-29 01:00:00,10002.70693415927,9000.0,0.011336994426733539,88445.57
2025-12-29 02:00:00,10010.84326831945,9000.0,0.011336994426733539,89163.25
2025-12-29 03:00:00,10021.73018406744,9000.0,0.011336994426733539,90123.55
2025-12-29 04:00:00,10021.951368828706,9000.0,0.011336994426733539,90143.06
2025-12-29 05:00:00,10020.148106495191,9000.0,0.011336994426733539,89984.0
2025-12-29 06:00:00,10017.804296267408,9000.0,0.011336994426733539,89777.26
2025-12-29 07:00:00,10015.995478806622,9000.0,0.011336994426733539,89617.71
2025-12-29 08:00:00,10015.285669585564,9000.0,0.011336994426733539,89555.1
2025-12-29 09:00:00,9998.789775844945,9000.0,0.011336994426733539,88100.05
2025-12-29 10:00:00,9995.161484148613,9000.0,0.011336994426733539,87780.01
2025-12-29 11:00:00,9992.754073382097,9000.0,0.011336994426733539,87567.66
2025-12-29 12:00:00,9990.81930191323,9000.0,0.011336994426733539,87397.0
2025-12-29 13:00:00,9990.713981235007,9000.0,0.011336994426733539,87387.71
2025-12-29 14:00:00,9991.192969249536,9000.0,0.011336994426733539,87429.96
2025-12-29 15:00:00,9994.159407211235,9000.0,0.011336994426733539,87691.62
2025-12-29 16:00:00,9993.428057700767,9000.0,0.011336994426733539,87627.11
2025-12-29 17:00:00,9995.954847018596,9000.0,0.011336994426733539,87849.99
2025-12-29 18:00:00,9991.58761002553,9000.0,0.011336994426733539,87464.77
2025-12-29 19:00:00,9990.47046259472,9000.0,0.011336994426733539,87366.23
2025-12-29 20:00:00,9988.722071314229,9000.0,0.011336994426733539,87212.01
2025-12-29 21:00:00,9990.14871869289,9000.0,0.011336994426733539,87337.85
2025-12-29 22:00:00,9990.298367019323,9000.0,0.011336994426733539,87351.05
2025-12-29 23:00:00,9989.006856614229,9000.0,0.011336994426733539,87237.13
2025-12-30 00:00:00,9989.155371241219,9000.0,0.011336994426733539,87250.23
2025-12-30 01:00:00,9989.81291691797,9000.0,0.011336994426733539,87308.23
2025-12-30 02:00:00,9987.576921507185,9000.0,0.011336994426733539,87111.0
2025-12-30 03:00:00,9990.61523601355,9000.0,0.011336994426733539,87379.0
2025-12-30 04:00:00,9989.719613453837,9000.0,0.011336994426733539,87300.0
2025-12-30 05:00:00,9989.22044558923,9000.0,0.011336994426733539,87255.97
2025-12-30 06:00:00,9991.342730945913,9000.0,0.011336994426733539,87443.17
2025-12-30 07:00:00,9992.019322773302,9000.0,0.011336994426733539,87502.85
2025-12-30 08:00:00,9996.212083422139,9000.0,0.011336994426733539,87872.68
2025-12-30 09:00:00,9997.572749493236,9000.0,0.011336994426733539,87992.7
2025-12-30 10:00:00,9997.083104703946,9000.0,0.011336994426733539,87949.51
2025-12-30 11:00:00,9996.565911018199,9000.0,0.011336994426733539,87903.89
2025-12-30 12:00:00,9997.922382401357,9000.0,0.011336994426733539,88023.54
2025-12-30 13:00:00,9998.902805679381,9000.0,0.011336994426733539,88110.02
2025-12-30 14:00:00,10007.584789381317,9000.0,0.011336994426733539,88875.83
2025-12-30 15:00:00,10009.177863838162,9000.0,0.011336994426733539,89016.35
2025-12-30 16:00:00,10006.074701723677,9000.0,0.011336994426733539,88742.63
2025-12-30 17:00:00,10001.865389062974,9000.0,0.011336994426733539,88371.34
2025-12-30 18:00:00,10001.101955858278,9000.0,0.011336994426733539,88304.0
2025-12-30 19:00:00,10000.2194842121,9000.0,0.011336994426733539,88226.16
2025-12-30 20:00:00,9997.056349397099,9000.0,0.011336994426733539,87947.15
2025-12-30 21:00:00,10000.912287941519,9000.0,0.011336994426733539,88287.27
2025-12-30 22:00:00,10002.532571184987,9000.0,0.011336994426733539,88430.19
2025-12-30 23:00:00,10003.159506976786,9000.0,0.011336994426733539,88485.49
2025-12-31 00:00:00,10000.552565108359,9000.0,0.011336994426733539,88255.54
2025-12-31 01:00:00,10005.016960143663,9000.0,0.011336994426733539,88649.33
2025-12-31 02:00:00,10005.2921089984,9000.0,0.011336994426733539,88673.6
2025-12-31 03:00:00,10002.791621507638,9000.0,0.011336994426733539,88453.04
2025-12-31 04:00:00,10001.340712960906,9000.0,0.011336994426733539,88325.06
2025-12-31 05:00:00,10002.905558301627,9000.0,0.011336994426733539,88463.09
2025-12-31 06:00:00,10003.470480733911,9000.0,0.011336994426733539,88512.92
2025-12-31 07:00:00,10004.60644757547,9000.0,0.011336994426733539,88613.12
2025-12-31 08:00:00,10002.583134180131,9000.0,0.011336994426733539,88434.65
2025-12-31 09:00:00,10005.139059573637,9000.0,0.011336994426733539,88660.1
2025-12-31 10:00:00,10007.260891450545,9000.0,0.011336994426733539,88847.26
2025-12-31 11:00:00,10009.12310615508,9000.0,0.011336994426733539,89011.52
2025-12-31 12:00:00,10006.45256374792,9000.0,0.011336994426733539,88775.96
2025-12-31 13:00:00,10008.90044758454,9000.0,0.011336994426733539,88991.88
2025-12-31 14:00:00,10003.097153507439,9000.0,0.011336994426733539,88479.99
2025-12-31 15:00:00,9997.133667699089,9000.0,0.011336994426733539,87953.97
2025-12-31 16:00:00,9993.766693724294,9000.0,0.011336994426733539,87656.98
2025-12-31 17:00:00,9993.356748005823,9000.0,0.011336994426733539,87620.82
2025-12-31 18:00:00,9994.073812903314,9000.0,0.011336994426733539,87684.07
2025-12-31 19:00:00,9992.461465555944,9000.0,0.011336994426733539,87541.85
2025-12-31 20:00:00,9993.82371880626,9000.0,0.011336994426733539,87662.01
2025-12-31 21:00:00,9995.387770557372,9000.0,0.011336994426733539,87799.97
2025-12-31 22:00:00,9994.575134796863,9000.0,0.011336994426733539,87728.29
2025-12-31 23:00:00,9993.667381653115,9000.0,0.011336994426733539,87648.22
2026-01-01 00:00:00,9995.492751125763,9000.0,0.011336994426733539,87809.23
2026-01-01 01:00:00,9997.202029775483,9000.0,0.011336994426733539,87960.0
2026-01-01 02:00:00,9996.680528031853,9000.0,0.011336994426733539,87914.0
2026-01-01 03:00:00,9995.909839150723,9000.0,0.011336994426733539,87846.02
2026-01-01 04:00:00,9993.01187663536,9000.0,0.011336994426733539,87590.4
2026-01-01 05:00:00,9994.304180630064,9000.0,0.011336994426733539,87704.39
2026-01-01 06:00:00,9993.778257458609,9000.0,0.011336994426733539,87658.0
2026-01-01 07:00:00,9993.482135164182,9000.0,0.011336994426733539,87631.88
2026-01-01 08:00:00,9995.058204129387,9000.0,0.011336994426733539,87770.9
2026-01-01 09:00:00,9996.272282862546,9000.0,0.011336994426733539,87877.99
2026-01-01 10:00:00,9996.110957431853,9000.0,0.011336994426733539,87863.76
2026-01-01 11:00:00,9997.934853095227,9000.0,0.011336994426733539,88024.64
2026-01-01 12:00:00,9997.088659831215,9000.0,0.011336994426733539,87950.0
2026-01-01 13:00:00,9996.778479663699,9000.0,0.011336994426733539,87922.64
2026-01-01 14:00:00,9997.28195558619,9000.0,0.011336994426733539,87967.05
2026-01-01 15:00:00,9998.020334033205,9000.0,0.011336994426733539,88032.18
2026-01-01 16:00:00,9997.528081735194,9000.0,0.011336994426733539,87988.76
2026-01-01 17:00:00,10001.242194479337,9000.0,0.011336994426733539,88316.37
2026-01-01 18:00:00,9999.854206251672,9000.0,0.011336994426733539,88193.94
2026-01-01 19:00:00,10002.089974922568,9000.0,0.011336994426733539,88391.15
2026-01-01 20:00:00,10000.58181455398,9000.0,0.011336994426733539,88258.12
2026-01-01 21:00:00,10001.937152237695,9000.0,0.011336994426733539,88377.67
2026-01-01 22:00:00,10004.974333044618,9000.0,0.011336994426733539,88645.57
2026-01-01 23:00:00,10007.167701356359,9000.0,0.011336994426733539,88839.04
2026-01-02 00:00:00,10007.110222794614,9000.0,0.011336994426733539,88833.97
2026-01-02 01:00:00,10004.909938916275,9000.0,0.011336994426733539,88639.89
2026-01-02 02:00:00,10004.877515112214,9000.0,0.011336994426733539,88637.03
2026-01-02 03:00:00,10008.433023304326,9000.0,0.011336994426733539,88950.65
2026-01-02 04:00:00,10004.884430678814,9000.0,0.011336994426733539,88637.64
2026-01-02 05:00:00,10006.330577687888,9000.0,0.011336994426733539,88765.2
2026-01-02 06:00:00,10008.256052821323,9000.0,0.011336994426733539,88935.04
2026-01-02 07:00:00,10007.378229342863,9000.0,0.011336994426733539,88857.61
2026-01-02 08:00:00,10011.01196279652,9000.0,0.011336994426733539,89178.13
2026-01-02 09:00:00,10014.290508214786,9000.0,0.011336994426733539,89467.32
2026-01-02 10:00:00,10016.546229995873,9000.0,0.011336994426733539,89666.29
2026-01-02 11:00:00,10014.694445326211,9000.0,0.011336994426733539,89502.95
2026-01-02 12:00:00,10013.527301749979,9000.0,0.011336994426733539,89400.0
2026-01-02 13:00:00,10012.945487195999,9000.0,0.011336994426733539,89348.68
2026-01-02 14:00:00,10015.56796074679,9000.0,0.011336994426733539,89580.0
2026-01-02 15:00:00,10013.732614719047,9000.0,0.011336994426733539,89418.11
2026-01-02 16:00:00,10024.592775160192,9000.0,0.011336994426733539,90376.05
2026-01-02 17:00:00,10024.530081581011,9000.0,0.011336994426733539,90370.52
2026-01-02 18:00:00,10017.757134370593,9000.0,0.011336994426733539,89773.1
2026-01-02 19:00:00,10019.164395488782,9000.0,0.011336994426733539,89897.23
2026-01-02 20:00:00,10017.381879855067,9000.0,0.011336994426733539,89740.0
2026-01-02 21:00:00,10021.075472639297,9000.0,0.011336994426733539,90065.8
2026-01-02 22:00:00,10022.54440700717,9000.0,0.011336994426733539,90195.37
2026-01-02 23:00:00,10020.27428724316,9000.0,0.011336994426733539,89995.13
2026-01-03 00:00:00,10022.10022356553,9000.0,0.011336994426733539,90156.19
2026-01-03 01:00:00,10023.534353360512,9000.0,0.011336994426733539,90282.69
2026-01-03 02:00:00,10024.184076511108,9000.0,0.011336994426733539,90340.0
2026-01-03 03:00:00,10023.971167755773,9000.0,0.011336994426733539,90321.22
2026-01-03 04:00:00,10022.256787458564,9000.0,0.011336994426733539,90170.0
2026-01-03 05:00:00,10020.68207893269,9000.0,0.011336994426733539,90031.1
2026-01-03 06:00:00,10018.867592974691,9000.0,0.011336994426733539,89871.05
2026-01-03 07:00:00,10015.535423572786,9000.0,0.011336994426733539,89577.13
2026-01-03 08:00:00,10016.594072112353,9000.0,0.011336994426733539,89670.51
2026-01-03 09:00:00,10017.971290195313,9000.0,0.011336994426733539,89791.99
2026-01-03 10:00:00,10017.545926164423,9000.0,0.011336994426733539,89754.47
2026-01-03 11:00:00,10017.526313164064,9000.0,0.011336994426733539,89752.74
2026-01-03 12:00:00,10020.773114997937,9000.0,0.011336994426733539,90039.13
2026-01-03 13:00:00,10020.385729898375,9000.0,0.011336994426733539,90004.96
2026-01-03 14:00:00,10021.758186443676,9000.0,0.011336994426733539,90126.02
2026-01-03 15:00:00,10019.981566047061,9000.0,0.011336994426733539,89969.31
2026-01-03 16:00:00,10021.522603699488,9000.0,0.011336994426733539,90105.24
2026-01-03 17:00:00,10021.395062512187,9000.0,0.011336994426733539,90093.99
2026-01-03 18:00:00,10021.903866822058,9000.0,0.011336994426733539,90138.87
2026-01-03 19:00:00,10021.732678206215,9000.0,0.011336994426733539,90123.77
2026-01-03 20:00:00,10024.55128176059,9000.0,0.011336994426733539,90372.39
2026-01-03 21:00:00,10026.727077730968,9000.0,0.011336994426733539,90564.31
2026-01-03 22:00:00,10027.018778597569,9000.0,0.011336994426733539,90590.04
2026-01-03 23:00:00,10027.449244275951,9000.0,0.011336994426733539,90628.01
2026-01-04 00:00:00,10035.53773631965,9000.0,0.011336994426733539,91341.47
2026-01-04 01:00:00,10034.334881210973,9000.0,0.011336994426733539,91235.37
2026-01-04 02:00:00,10033.072280141667,9000.0,0.011336994426733539,91124.0
2026-01-04 03:00:00,10034.350866373114,9000.0,0.011336994426733539,91236.78
2026-01-04 04:00:00,10036.201290603445,9000.0,0.011336994426733539,91400.0
2026-01-04 05:00:00,10037.108703637361,9000.0,0.011336994426733539,91480.04
2026-01-04 06:00:00,10034.359595858823,9000.0,0.011336994426733539,91237.55
2026-01-04 07:00:00,10037.697773867774,9000.0,0.011336994426733539,91532.0
2026-01-04 08:00:00,10035.917752372832,9000.0,0.011336994426733539,91374.99
2026-01-04 09:00:00,10036.975380582902,9000.0,0.011336994426733539,91468.28
2026-01-04 10:00:00,10038.475718425336,9000.0,0.011336994426733539,91600.62
2026-01-04 11:00:00,10035.067591160772,9000.0,0.011336994426733539,91300.0
2026-01-04 12:00:00,10033.3781522513,9000.0,0.011336994426733539,91150.98
2026-01-04 13:00:00,10034.65945936141,9000.0,0.011336994426733539,91264.0
2026-01-04 14:00:00,10035.48014438796,9000.0,0.011336994426733539,91336.39
2026-01-04 15:00:00,10035.463705746042,9000.0,0.011336994426733539,91334.94
2026-01-04 16:00:00,10035.305668043733,9000.0,0.011336994426733539,91321.0
2026-01-04 17:00:00,10035.472661971638,9000.0,0.011336994426733539,91335.73
2026-01-04 18:00:00,10033.994998118058,9000.0,0.011336994426733539,91205.39
2026-01-04 19:00:00,10033.231791653252,9000.0,0.011336994426733539,91138.07
2026-01-04 20:00:00,10035.225628863082,9000.0,0.011336994426733539,91313.94
2026-01-04 21:00:00,10034.840737902294,9000.0,0.011336994426733539,91279.99
2026-01-04 22:00:00,10034.160744976578,9000.0,0.011336994426733539,91220.01
2026-01-04 23:00:00,10037.672038890425,9000.0,0.011336994426733539,91529.73
2026-01-05 00:00:00,10047.60018501975,9000.0,0.011336994426733539,92405.46
2026-01-05 01:00:00,10053.969535228576,9000.0,0.011336994426733539,92967.28
2026-01-05 02:00:00,10054.715849571689,9000.0,0.011336994426733539,93033.11
2026-01-05 03:00:00,10052.959862504931,9000.0,0.011336994426733539,92878.22
2026-01-05 04:00:00,10049.749792533003,9000.0,0.011336994426733539,92595.07
2026-01-05 05:00:00,10047.084691883165,9000.0,0.011336994426733539,92359.99
2026-01-05 06:00:00,10048.579134488496,9000.0,0.011336994426733539,92491.81
2026-01-05 07:00:00,10048.905866667876,9000.0,0.011336994426733539,92520.63
2026-01-05 08:00:00,10048.303872263816,9000.0,0.011336994426733539,92467.53
2026-01-05 09:00:00,10050.810141621734,9000.0,0.011336994426733539,92688.6
2026-01-05 10:00:00,10055.247441240357,9000.0,0.011336994426733539,93080.0
2026-01-05 11:00:00,10055.862586557952,9000.0,0.011336994426733539,93134.26
2026-01-05 12:00:00,10052.91519474689,9000.0,0.011336994426733539,92874.28
2026-01-05 13:00:00,10051.423926499998,9000.0,0.011336994426733539,92742.74
2026-01-05 14:00:00,10059.192715300862,9000.0,0.011336994426733539,93428.0
2026-01-05 15:00:00,10065.198261358535,9000.0,0.011336994426733539,93957.73
2026-01-05 16:00:00,10062.291229247632,9000.0,0.011336994426733539,93701.31
2026-01-05 17:00:00,10069.280826421545,9000.0,0.011336994426733539,94317.84
2026-01-05 18:00:00,10070.7748155471,9000.0,0.011336994426733539,94449.62
2026-01-05 19:00:00,10069.117120222023,9000.0,0.011336994426733539,94303.4
2026-01-05 20:00:00,10067.695347750967,9000.0,0.011336994426733539,94177.99
2026-01-05 21:00:00,10066.763333439145,9000.0,0.011336994426733539,94095.78
2026-01-05 22:00:00,10067.618596298698,9000.0,0.011336994426733539,94171.22
2026-01-05 23:00:00,10064.087009164827,9000.0,0.011336994426733539,93859.71
2026-01-06 00:00:00,10063.599405034533,9000.0,0.011336994426733539,93816.7
2026-01-06 01:00:00,10063.090600724661,9000.0,0.011336994426733539,93771.82
2026-01-06 02:00:00,10061.37622042745,9000.0,0.011336994426733539,93620.6
2026-01-06 03:00:00,10063.06135127904,9000.0,0.011336994426733539,93769.24
2026-01-06 04:00:00,10063.422207811644,9000.0,0.011336994426733539,93801.07
2026-01-06 05:00:00,10061.142564972315,9000.0,0.011336994426733539,93599.99
2026-01-06 06:00:00,10063.183450709015,9000.0,0.011336994426733539,93780.01
2026-01-06 07:00:00,10057.23232222459,9000.0,0.011336994426733539,93255.08
2026-01-06 08:00:00,10057.063287637688,9000.0,0.011336994426733539,93240.17
2026-01-06 09:00:00,10059.586335747357,9000.0,0.011336994426733539,93462.72
2026-01-06 10:00:00,10060.910950176178,9000.0,0.011336994426733539,93579.56
2026-01-06 11:00:00,10063.863557004675,9000.0,0.011336994426733539,93840.0
2026-01-06 12:00:00,10064.228154745439,9000.0,0.011336994426733539,93872.16
2026-01-06 13:00:00,10062.463778302807,9000.0,0.011336994426733539,93716.53
2026-01-06 14:00:00,10063.827391992454,9000.0,0.011336994426733539,93836.81
2026-01-06 15:00:00,10061.698077699224,9000.0,0.011336994426733539,93648.99
2026-01-06 16:00:00,10050.852315241002,9000.0,0.011336994426733539,92692.32
2026-01-06 17:00:00,10038.34670342876,9000.0,0.011336994426733539,91589.24
2026-01-06 18:00:00,10043.389965399492,9000.0,0.011336994426733539,92034.09
2026-01-06 19:00:00,10044.18820317708,9000.0,0.011336994426733539,92104.5
2026-01-06 20:00:00,10048.732297283203,9000.0,0.011336994426733539,92505.32
2026-01-06 21:00:00,10057.265993098037,9000.0,0.011336994426733539,93258.05
2026-01-06 22:00:00,10058.452182824907,9000.0,0.011336994426733539,93362.68
2026-01-06 23:00:00,10062.820213407584,9000.0,0.011336994426733539,93747.97
2026-01-07 00:00:00,10051.047311545142,9000.0,0.011336994426733539,92709.52
2026-01-07 01:00:00,10047.939047783164,9000.0,0.011336994426733539,92435.35
2026-01-07 02:00:00,10053.771024456164,9000.0,0.011336994426733539,92949.77
2026-01-07 03:00:00,10052.252547422648,9000.0,0.011336994426733539,92815.83
2026-01-07 04:00:00,10050.602561253781,9000.0,0.011336994426733539,92670.29
2026-01-07 05:00:00,10049.006879288218,9000.0,0.011336994426733539,92529.54
2026-01-07 06:00:00,10049.973924912818,9000.0,0.011336994426733539,92614.84
2026-01-07 07:00:00,10052.97017916986,9000.0,0.011336994426733539,92879.13
2026-01-07 08:00:00,10051.153652552865,9000.0,0.011336994426733539,92718.9
2026-01-07 09:00:00,10039.785368021512,9000.0,0.011336994426733539,91716.14
2026-01-07 10:00:00,10042.723576867089,9000.0,0.011336994426733539,91975.31
2026-01-07 11:00:00,10043.99218654344,9000.0,0.011336994426733539,92087.21
2026-01-07 12:00:00,10042.979226091413,9000.0,0.011336994426733539,91997.86
2026-01-07 13:00:00,10043.509910800527,9000.0,0.011336994426733539,92044.67
2026-01-07 14:00:00,10042.539123967766,9000.0,0.011336994426733539,91959.04
2026-01-07 15:00:00,10035.633987402332,9000.0,0.011336994426733539,91349.96
2026-01-07 16:00:00,10034.6655813384,9000.0,0.011336994426733539,91264.54
2026-01-07 17:00:00,10034.525002607508,9000.0,0.011336994426733539,91252.14
2026-01-07 18:00:00,10030.548551812331,9000.0,0.011336994426733539,90901.39
2026-01-07 19:00:00,10033.775967385734,9000.0,0.011336994426733539,91186.07
2026-01-07 20:00:00,10032.204886698077,9000.0,0.011336994426733539,91047.49
2026-01-07 21:00:00,10032.681153833944,9000.0,0.011336994426733539,91089.5
2026-01-07 22:00:00,10033.716788274827,9000.0,0.011336994426733539,91180.85
2026-01-07 23:00:00,10035.794972723192,9000.0,0.011336994426733539,91364.16
2026-01-08 00:00:00,10036.141317902928,9000.0,0.011336994426733539,91394.71
2026-01-08 01:00:00,10036.523261245165,9000.0,0.011336994426733539,91428.4
2026-01-08 02:00:00,10031.173220205244,9000.0,0.011336994426733539,90956.49
2026-01-08 03:00:00,10029.551009672723,9000.0,0.011336994426733539,90813.4
2026-01-08 04:00:00,10031.92440945596,9000.0,0.011336994426733539,91022.75
2026-01-08 05:00:00,10029.734442242549,9000.0,0.011336994426733539,90829.58
2026-01-08 06:00:00,10019.173238344436,9000.0,0.011336994426733539,89898.01
2026-01-08 07:00:00,10026.542398091757,9000.0,0.011336994426733539,90548.02
2026-01-08 08:00:00,10022.905830389494,9000.0,0.011336994426733539,90227.25
2026-01-08 09:00:00,10020.442868350287,9000.0,0.011336994426733539,90010.0
2026-01-08 10:00:00,10024.978799820423,9000.0,0.011336994426733539,90410.1
2026-01-08 11:00:00,10022.90038863217,9000.0,0.011336994426733539,90226.77
2026-01-08 12:00:00,10020.207172236154,9000.0,0.011336994426733539,89989.21
2026-01-08 13:00:00,10019.900279797022,9000.0,0.011336994426733539,89962.14
2026-01-08 14:00:00,10020.601699642204,9000.0,0.011336994426733539,90024.01
2026-01-08 15:00:00,10029.19015314012,9000.0,0.011336994426733539,90781.57
2026-01-08 16:00:00,10030.837078320492,9000.0,0.011336994426733539,90926.84
2026-01-08 17:00:00,10035.820254220764,9000.0,0.011336994426733539,91366.39
2026-01-08 18:00:00,10032.99688912873,9000.0,0.011336994426733539,91117.35
2026-01-08 19:00:00,10030.956910351582,9000.0,0.011336994426733539,90937.41
2026-01-08 20:00:00,10030.845921176146,9000.0,0.011336994426733539,90927.62
2026-01-08 21:00:00,10034.761038831473,9000.0,0.011336994426733539,91272.96
2026-01-08 22:00:00,10034.29554184031,9000.0,0.011336994426733539,91231.9
2026-01-08 23:00:00,10032.80007890548,9000.0,0.011336994426733539,91099.99
2026-01-09 00:00:00,10034.957962424665,9000.0,0.011336994426733539,91290.33
2026-01-09 01:00:00,10032.30351854959,9000.0,0.011336994426733539,91056.19
2026-01-09 02:00:00,10032.10160667885,9000.0,0.011336994426733539,91038.38
2026-01-09 03:00:00,10034.16323911535,9000.0,0.011336994426733539,91220.23
2026-01-09 04:00:00,10031.811606361414,9000.0,0.011336994426733539,91012.8
2026-01-09 05:00:00,10032.707455661015,9000.0,0.011336994426733539,91091.82
2026-01-09 06:00:00,10033.226236525981,9000.0,0.011336994426733539,91137.58
2026-01-09 07:00:00,10028.739734351546,9000.0,0.011336994426733539,90741.84
2026-01-09 08:00:00,10020.709514459202,9000.0,0.011336994426733539,90033.52
2026-01-09 09:00:00,10024.166617539691,9000.0,0.011336994426733539,90338.46
2026-01-09 10:00:00,10025.837803888135,9000.0,0.011336994426733539,90485.87
2026-01-09 11:00:00,10025.579773894982,9000.0,0.011336994426733539,90463.11
2026-01-09 12:00:00,10025.42241641234,9000.0,0.011336994426733539,90449.23
2026-01-09 13:00:00,10027.218536439368,9000.0,0.011336994426733539,90607.66
2026-01-09 14:00:00,10022.030047570028,9000.0,0.011336994426733539,90150.0
2026-01-09 15:00:00,10033.667132239238,9000.0,0.011336994426733539,91176.47
2026-01-09 16:00:00,10038.739530285648,9000.0,0.011336994426733539,91623.89
2026-01-09 17:00:00,10036.453311989551,9000.0,0.011336994426733539,91422.23
2026-01-09 18:00:00,10029.629348304212,9000.0,0.011336994426733539,90820.31
2026-01-09 19:00:00,10024.095081104857,9000.0,0.011336994426733539,90332.15
2026-01-09 20:00:00,10023.768689035312,9000.0,0.011336994426733539,90303.36
2026-01-09 21:00:00,10026.473809275476,9000.0,0.011336994426733539,90541.97
2026-01-09 22:00:00,10027.472711854414,9000.0,0.011336994426733539,90630.08
2026-01-09 23:00:00,10027.599686191994,9000.0,0.011336994426733539,90641.28
2026-01-10 00:00:00,10027.131695062058,9000.0,0.011336994426733539,90600.0
2026-01-10 01:00:00,10028.129350571611,9000.0,0.011336994426733539,90688.0
2026-01-10 02:00:00,10028.233310810505,9000.0,0.011336994426733539,90697.17
2026-01-10 03:00:00,10027.428044096374,9000.0,0.011336994426733539,90626.14
2026-01-10 04:00:00,10025.411873007522,9000.0,0.011336994426733539,90448.3
2026-01-10 05:00:00,10027.17160128244,9000.0,0.011336994426733539,90603.52
2026-01-10 06:00:00,10026.0600089789,9000.0,0.011336994426733539,90505.47
2026-01-10 07:00:00,10028.021649124557,9000.0,0.011336994426733539,90678.5
2026-01-10 08:00:00,10027.834021866795,9000.0,0.011336994426733539,90661.95
2026-01-10 09:00:00,10029.0471936404,9000.0,0.011336994426733539,90768.96
2026-01-10 10:00:00,10029.716529791354,9000.0,0.011336994426733539,90828.0
2026-01-10 11:00:00,10028.535895191753,9000.0,0.011336994426733539,90723.86
2026-01-10 12:00:00,10028.647564586858,9000.0,0.011336994426733539,90733.71
2026-01-10 13:00:00,10027.772348617113,9000.0,0.011336994426733539,90656.51
2026-01-10 14:00:00,10027.029775482162,9000.0,0.011336994426733539,90591.01
2026-01-10 15:00:00,10027.877102445616,9000.0,0.011336994426733539,90665.75
2026-01-10 16:00:00,10028.000789054811,9000.0,0.011336994426733539,90676.66
2026-01-10 17:00:00,10026.507706888811,9000.0,0.011336994426733539,90544.96
2026-01-10 18:00:00,10027.082039026469,9000.0,0.011336994426733539,90595.62
2026-01-10 19:00:00,10027.432578894144,9000.0,0.011336994426733539,90626.54
2026-01-10 20:00:00,10026.824009033317,9000.0,0.011336994426733539,90572.86
2026-01-10 21:00:00,10026.11975493953,9000.0,0.011336994426733539,90510.74
2026-01-10 22:00:00,10025.179011141998,9000.0,0.011336994426733539,90427.76
2026-01-10 23:00:00,10026.051279493191,9000.0,0.011336994426733539,90504.7
2026-01-11 00:00:00,10027.590163116676,9000.0,0.011336994426733539,90640.44
2026-01-11 01:00:00,10027.451738414726,9000.0,0.011336994426733539,90628.23
2026-01-11 02:00:00,10028.254057510305,9000.0,0.011336994426733539,90699.0
2026-01-11 03:00:00,10028.645183818027,9000.0,0.011336994426733539,90733.5
2026-01-11 04:00:00,10029.23448078833,9000.0,0.011336994426733539,90785.48
2026-01-11 05:00:00,10029.109206999914,9000.0,0.011336994426733539,90774.43
2026-01-11 06:00:00,10028.764222259508,9000.0,0.011336994426733539,90744.0
2026-01-11 07:00:00,10028.387720674596,9000.0,0.011336994426733539,90710.79
2026-01-11 08:00:00,10029.285837373081,9000.0,0.011336994426733539,90790.01
2026-01-11 09:00:00,10028.71910102169,9000.0,0.011336994426733539,90740.02
2026-01-11 10:00:00,10028.68112209036,9000.0,0.011336994426733539,90736.67
2026-01-11 11:00:00,10028.888815828259,9000.0,0.011336994426733539,90754.99
2026-01-11 12:00:00,10030.96507298757,9000.0,0.011336994426733539,90938.13
2026-01-11 13:00:00,10029.959708321807,9000.0,0.011336994426733539,90849.45
2026-01-11 14:00:00,10033.108105044055,9000.0,0.011336994426733539,91127.16
2026-01-11 15:00:00,10030.258324755006,9000.0,0.011336994426733539,90875.79
2026-01-11 16:00:00,10032.110336164558,9000.0,0.011336994426733539,91039.15
2026-01-11 17:00:00,10031.515484066987,9000.0,0.011336994426733539,90986.68
2026-01-11 18:00:00,10030.381784624315,9000.0,0.011336994426733539,90886.68
2026-01-11 19:00:00,10028.161094156007,9000.0,0.011336994426733539,90690.8
2026-01-11 20:00:00,10028.359038078697,9000.0,0.011336994426733539,90708.26
2026-01-11 21:00:00,10028.912283406722,9000.0,0.011336994426733539,90757.06
2026-01-11 22:00:00,10026.29298421437,9000.0,0.011336994426733539,90526.02
2026-01-11 23:00:00,10031.821242806676,9000.0,0.011336994426733539,91013.65
2026-01-12 00:00:00,10034.598806441227,9000.0,0.011336994426733539,91258.65
2026-01-12 01:00:00,10036.342322814115,9000.0,0.011336994426733539,91412.44
2026-01-12 02:00:00,10045.31124584499,9000.0,0.011336994426733539,92203.56
2026-01-12 03:00:00,10040.828144768884,9000.0,0.011336994426733539,91808.12
2026-01-12 04:00:00,10044.996304139817,9000.0,0.011336994426733539,92175.78
2026-01-12 05:00:00,10044.27164345606,9000.0,0.011336994426733539,92111.86
2026-01-12 06:00:00,10041.148074751607,9000.0,0.011336994426733539,91836.34
2026-01-12 07:00:00,10036.293006888358,9000.0,0.011336994426733539,91408.09
2026-01-12 08:00:00,10028.857979203418,9000.0,0.011336994426733539,90752.27
2026-01-12 09:00:00,10028.102595264763,9000.0,0.011336994426733539,90685.64
2026-01-12 10:00:00,10025.24363201023,9000.0,0.011336994426733539,90433.46
2026-01-12 11:00:00,10027.369318465244,9000.0,0.011336994426733539,90620.96
2026-01-12 12:00:00,10029.27858169665,9000.0,0.011336994426733539,90789.37
2026-01-12 13:00:00,10027.539940231365,9000.0,0.011336994426733539,90636.01
2026-01-12 14:00:00,10030.634259490198,9000.0,0.011336994426733539,90908.95
2026-01-12 15:00:00,10039.20559412653,9000.0,0.011336994426733539,91665.0
2026-01-12 16:00:00,10044.403832811076,9000.0,0.011336994426733539,92123.52
2026-01-12 17:00:00,10037.59381362888,9000.0,0.011336994426733539,91522.83
2026-01-12 18:00:00,10039.509425577166,9000.0,0.011336994426733539,91691.8
2026-01-12 19:00:00,10041.430706022666,9000.0,0.011336994426733539,91861.27
2026-01-12 20:00:00,10037.163347950498,9000.0,0.011336994426733539,91484.86
2026-01-12 21:00:00,10032.291954815275,9000.0,0.011336994426733539,91055.17
2026-01-12 22:00:00,10034.443943097358,9000.0,0.011336994426733539,91244.99
2026-01-12 23:00:00,10035.02451058195,9000.0,0.011336994426733539,91296.2
2026-01-13 00:00:00,10037.139313522313,9000.0,0.011336994426733539,91482.74
2026-01-13 01:00:00,10033.767804749747,9000.0,0.011336994426733539,91185.35
2026-01-13 02:00:00,10033.007659273435,9000.0,0.011336994426733539,91118.3
2026-01-13 03:00:00,10036.302303223787,9000.0,0.011336994426733539,91408.91
2026-01-13 04:00:00,10037.506858881628,9000.0,0.011336994426733539,91515.16
2026-01-13 05:00:00,10042.10775132983,9000.0,0.011336994426733539,91920.99
2026-01-13 06:00:00,10045.093575551999,9000.0,0.011336994426733539,92184.36
2026-01-13 07:00:00,10042.345941582735,9000.0,0.011336994426733539,91942.0
2026-01-13 08:00:00,10044.884294634881,9000.0,0.011336994426733539,92165.9
2026-01-13 09:00:00,10046.057900297936,9000.0,0.011336994426733539,92269.42
2026-01-13 10:00:00,10044.461651482652,9000.0,0.011336994426733539,92128.62
2026-01-13 11:00:00,10043.01187663536,9000.0,0.011336994426733539,92000.74
2026-01-13 12:00:00,10044.243187600048,9000.0,0.011336994426733539,92109.35
2026-01-13 13:00:00,10043.866459275248,9000.0,0.011336994426733539,92076.12
2026-01-13 14:00:00,10048.24151879447,9000.0,0.011336994426733539,92462.03
2026-01-13 15:00:00,10059.442015808305,9000.0,0.011336994426733539,93449.99
2026-01-13 16:00:00,10058.757714824707,9000.0,0.011336994426733539,93389.63
2026-01-13 17:00:00,10057.083920967545,9000.0,0.011336994426733539,93241.99
2026-01-13 18:00:00,10061.524848424384,9000.0,0.011336994426733539,93633.71
2026-01-13 19:00:00,10068.249159928713,9000.0,0.011336994426733539,94226.84
2026-01-13 20:00:00,10070.31090573516,9000.0,0.011336994426733539,94408.7
2026-01-13 21:00:00,10066.666402136796,9000.0,0.011336994426733539,94087.23
2026-01-13 22:00:00,10085.598956089554,9000.0,0.011336994426733539,95757.21
2026-01-13 23:00:00,10081.707986232354,9000.0,0.011336994426733539,95414.0
2026-01-14 00:00:00,10079.699524299715,9000.0,0.011336994426733539,95236.84
2026-01-14 01:00:00,10079.798836370892,9000.0,0.011336994426733539,95245.6
2026-01-14 02:00:00,10080.9536226232,9000.0,0.011336994426733539,95347.46
2026-01-14 03:00:00,10085.188330151417,9000.0,0.011336994426733539,95720.99
2026-01-14 04:00:00,10079.793848093344,9000.0,0.011336994426733539,95245.16
2026-01-14 05:00:00,10077.07115551182,9000.0,0.011336994426733539,95005.0
2026-01-14 06:00:00,10077.341769568786,9000.0,0.011336994426733539,95028.87
2026-01-14 07:00:00,10079.33968809661,9000.0,0.011336994426733539,95205.1
2026-01-14 08:00:00,10075.880884466957,9000.0,0.011336994426733539,94900.01
2026-01-14 09:00:00,10078.014846927901,9000.0,0.011336994426733539,95088.24
2026-01-14 10:00:00,10078.054639778338,9000.0,0.011336994426733539,95091.75
2026-01-14 11:00:00,10074.667599323408,9000.0,0.011336994426733539,94792.99
2026-01-14 12:00:00,10077.893767827423,9000.0,0.011336994426733539,95077.56
2026-01-14 13:00:00,10076.993950579774,9000.0,0.011336994426733539,94998.19
2026-01-14 14:00:00,10093.942303767963,9000.0,0.011336994426733539,96493.15
2026-01-14 15:00:00,10097.019390795267,9000.0,0.011336994426733539,96764.57
2026-01-14 16:00:00,10103.012919638848,9000.0,0.011336994426733539,97293.24
2026-01-14 17:00:00,10099.190425227987,9000.0,0.011336994426733539,96956.07
2026-01-14 18:00:00,10097.495317821302,9000.0,0.011336994426733539,96806.55
2026-01-14 19:00:00,10102.72019844275,9000.0,0.011336994426733539,97267.42
2026-01-14 20:00:00,10107.117365101103,9000.0,0.011336994426733539,97655.28
2026-01-14 21:00:00,10106.08252424983,9000.0,0.011336994426733539,97564.0
2026-01-14 22:00:00,10098.309200651196,9000.0,0.011336994426733539,96878.34
2026-01-14 23:00:00,10099.141789521896,9000.0,0.011336994426733539,96951.78
2026-01-15 00:00:00,10095.811547409043,9000.0,0.011336994426733539,96658.03
2026-01-15 01:00:00,10093.399941954589,9000.0,0.011336994426733539,96445.31
2026-01-15 02:00:00,10092.205022742011,9000.0,0.011336994426733539,96339.91
2026-01-15 03:00:00,10088.18254374946,9000.0,0.011336994426733539,95985.1
2026-01-15 04:00:00,10091.937016193762,9000.0,0.011336994426733539,96316.27
2026-01-15 05:00:00,10093.223084841531,9000.0,0.011336994426733539,96429.71
2026-01-15 06:00:00,10091.115197467769,9000.0,0.011336994426733539,96243.78
2026-01-15 07:00:00,10095.499213212586,9000.0,0.011336994426733539,96630.48
2026-01-15 08:00:00,10095.64115238281,9000.0,0.011336994426733539,96643.0
2026-01-15 09:00:00,10100.150441916043,9000.0,0.011336994426733539,97040.75
2026-01-15 10:00:00,10097.632835563698,9000.0,0.011336994426733539,96818.68
2026-01-15 11:00:00,10094.939165687905,9000.0,0.011336994426733539,96581.08
2026-01-15 12:00:00,10099.480425545422,9000.0,0.011336994426733539,96981.65
2026-01-15 13:00:00,10097.951064997256,9000.0,0.011336994426733539,96846.75
2026-01-15 14:00:00,10089.070570522907,9000.0,0.011336994426733539,96063.43
2026-01-15 15:00:00,10096.7072833387,9000.0,0.011336994426733539,96737.04
2026-01-15 16:00:00,10096.723948720506,9000.0,0.011336994426733539,96738.51
2026-01-15 17:00:00,10095.565761369871,9000.0,0.011336994426733539,96636.35
2026-01-15 18:00:00,10086.48086088601,9000.0,0.011336994426733539,95835.0
2026-01-15 19:00:00,10082.864473033826,9000.0,0.011336994426733539,95516.01
2026-01-15 20:00:00,10079.969684876904,9000.0,0.011336994426733539,95260.67
2026-01-15 21:00:00,10083.639243232949,9000.0,0.011336994426733539,95584.35
2026-01-15 22:00:00,10083.633801475622,9000.0,0.011336994426733539,95583.87
2026-01-15 23:00:00,10083.871084768974,9000.0,0.011336994426733539,95604.8
2026-01-16 00:00:00,10084.196456509022,9000.0,0.011336994426733539,95633.5
2026-01-16 01:00:00,10084.544275498034,9000.0,0.011336994426733539,95664.18
2026-01-16 02:00:00,10082.73285052853,9000.0,0.011336994426733539,95504.4
2026-01-16 03:00:00,10081.035589092904,9000.0,0.011336994426733539,95354.69
2026-01-16 04:00:00,10079.976713813447,9000.0,0.011336994426733539,95261.29
2026-01-16 05:00:00,10084.501081549268,9000.0,0.011336994426733539,95660.37
2026-01-16 06:00:00,10085.417564178726,9000.0,0.011336994426733539,95741.21
2026-01-16 07:00:00,10084.419341819452,9000.0,0.011336994426733539,95653.16
2026-01-16 08:00:00,10084.678278772159,9000.0,0.011336994426733539,95676.0
2026-01-16 09:00:00,10083.97005673032,9000.0,0.011336994426733539,95613.53
2026-01-16 10:00:00,10080.498895776742,9000.0,0.011336994426733539,95307.35
2026-01-16 11:00:00,10081.879061478254,9000.0,0.011336994426733539,95429.09
2026-01-16 12:00:00,10082.213049334065,9000.0,0.011336994426733539,95458.55
2026-01-16 13:00:00,10082.103307228013,9000.0,0.011336994426733539,95448.87
2026-01-16 14:00:00,10079.195254787614,9000.0,0.011336994426733539,95192.36
2026-01-16 15:00:00,10072.32072810713,9000.0,0.011336994426733539,94585.98
2026-01-16 16:00:00,10075.569570599999,9000.0,0.011336994426733539,94872.55
2026-01-16 17:00:00,10077.876989075672,9000.0,0.011336994426733539,95076.08
2026-01-16 18:00:00,10077.027961563053,9000.0,0.011336994426733539,95001.19
2026-01-16 19:00:00,10077.038164858039,9000.0,0.011336994426733539,95002.09
2026-01-16 20:00:00,10083.290630654326,9000.0,0.011336994426733539,95553.6
2026-01-16 21:00:00,10082.949613861969,9000.0,0.011336994426733539,95523.52
2026-01-16 22:00:00,10082.841685675026,9000.0,0.011336994426733539,95514.0
2026-01-16 23:00:00,10083.260474249151,9000.0,0.011336994426733539,95550.94
2026-01-17 00:00:00,10082.297169832711,9000.0,0.011336994426733539,95465.97
2026-01-17 01:00:00,10081.54847472077,9000.0,0.011336994426733539,95399.93
2026-01-17 02:00:00,10081.224463420054,9000.0,0.011336994426733539,95371.35
2026-01-17 03:00:00,10081.242602611137,9000.0,0.011336994426733539,95372.95
2026-01-17 04:00:00,10080.45683552742,9000.0,0.011336994426733539,95303.64
2026-01-17 05:00:00,10080.683915525788,9000.0,0.011336994426733539,95323.67
2026-01-17 06:00:00,10079.736142791713,9000.0,0.011336994426733539,95240.07
2026-01-17 07:00:00,10078.167102763053,9000.0,0.011336994426733539,95101.67
2026-01-17 08:00:00,10079.820490030246,9000.0,0.011336994426733539,95247.51
2026-01-17 09:00:00,10079.969458137015,9000.0,0.011336994426733539,95260.65
2026-01-17 10:00:00,10078.335003650513,9000.0,0.011336994426733539,95116.48
2026-01-17 11:00:00,10080.686069554728,9000.0,0.011336994426733539,95323.86
2026-01-17 12:00:00,10079.86175668996,9000.0,0.011336994426733539,95251.15
2026-01-17 13:00:00,10081.983701936811,9000.0,0.011336994426733539,95438.32
2026-01-17 14:00:00,10082.356235573674,9000.0,0.011336994426733539,95471.18
2026-01-17 15:00:00,10083.517824022638,9000.0,0.011336994426733539,95573.64
2026-01-17 16:00:00,10080.588231292826,9000.0,0.011336994426733539,95315.23
2026-01-17 17:00:00,10081.064498428692,9000.0,0.011336994426733539,95357.24
2026-01-17 18:00:00,10081.869538402934,9000.0,0.011336994426733539,95428.25
2026-01-17 19:00:00,10080.317843975748,9000.0,0.011336994426733539,95291.38
2026-01-17 20:00:00,10081.301895091989,9000.0,0.011336994426733539,95378.18
2026-01-17 21:00:00,10080.448899631321,9000.0,0.011336994426733539,95302.94
2026-01-17 22:00:00,10078.952756476825,9000.0,0.011336994426733539,95170.97
2026-01-17 23:00:00,10078.689738206125,9000.0,0.011336994426733539,95147.77
2026-01-18 00:00:00,10078.28954230286,9000.0,0.011336994426733539,95112.47
2026-01-18 01:00:00,10076.639216024161,9000.0,0.011336994426733539,94966.9
2026-01-18 02:00:00,10077.263997787019,9000.0,0.011336994426733539,95022.01
2026-01-18 03:00:00,10079.285157153416,9000.0,0.011336994426733539,95200.29
2026-01-18 04:00:00,10078.099194166436,9000.0,0.011336994426733539,95095.68
2026-01-18 05:00:00,10079.152060838847,9000.0,0.011336994426733539,95188.55
2026-01-18 06:00:00,10078.957971494261,9000.0,0.011336994426733539,95171.43
2026-01-18 07:00:00,10077.33496737213,9000.0,0.011336994426733539,95028.27
2026-01-18 08:00:00,10079.099683924595,9000.0,0.011336994426733539,95183.93
2026-01-18 09:00:00,10080.14042001297,9000.0,0.011336994426733539,95275.73
2026-01-18 10:00:00,10079.06261195282,9000.0,0.011336994426733539,95180.66
2026-01-18 11:00:00,10078.919765823042,9000.0,0.011336994426733539,95168.06
2026-01-18 12:00:00,10078.298385158514,9000.0,0.011336994426733539,95113.25
2026-01-18 13:00:00,10078.67896806142,9000.0,0.011336994426733539,95146.82
2026-01-18 14:00:00,10076.51326201608,9000.0,0.011336994426733539,94955.79
2026-01-18 15:00:00,10078.366747234906,9000.0,0.011336994426733539,95119.28
2026-01-18 16:00:00,10078.934390545854,9000.0,0.011336994426733539,95169.35
2026-01-18 17:00:00,10080.124888330605,9000.0,0.011336994426733539,95274.36
2026-01-18 18:00:00,10081.998213289678,9000.0,0.011336994426733539,95439.6
2026-01-18 19:00:00,10081.333752046328,9000.0,0.011336994426733539,95380.99
2026-01-18 20:00:00,10080.461030215358,9000.0,0.011336994426733539,95304.01
2026-01-18 21:00:00,10081.894366420729,9000.0,0.011336994426733539,95430.44
2026-01-18 22:00:00,10082.6672093308,9000.0,0.011336994426733539,95498.61
2026-01-18 23:00:00,10061.97186611463,9000.0,0.011336994426733539,93673.14
2026-01-19 00:00:00,10051.064317036782,9000.0,0.011336994426733539,92711.02
2026-01-19 01:00:00,10049.65433503993,9000.0,0.011336994426733539,92586.65
2026-01-19 02:00:00,10049.429295700558,9000.0,0.011336994426733539,92566.8
2026-01-19 03:00:00,10050.82703374343,9000.0,0.011336994426733539,92690.09
2026-01-19 04:00:00,10050.542588553264,9000.0,0.011336994426733539,92665.0
2026-01-19 05:00:00,10048.805420897255,9000.0,0.011336994426733539,92511.77
2026-01-19 06:00:00,10049.616015998767,9000.0,0.011336994426733539,92583.27
2026-01-19 07:00:00,10052.544928508913,9000.0,0.011336994426733539,92841.62
2026-01-19 08:00:00,10057.27778357224,9000.0,0.011336994426733539,93259.09
2026-01-19 09:00:00,10055.021381571489,9000.0,0.011336994426733539,93060.06
2026-01-19 10:00:00,10055.076025884626,9000.0,0.011336994426733539,93064.88
2026-01-19 11:00:00,10056.516731136375,9000.0,0.011336994426733539,93191.96
2026-01-19 12:00:00,10055.140873492746,9000.0,0.011336994426733539,93070.6
2026-01-19 13:00:00,10054.701678328654,9000.0,0.011336994426733539,93031.86
2026-01-19 14:00:00,10052.214001641596,9000.0,0.011336994426733539,92812.43
2026-01-19 15:00:00,10055.118426243782,9000.0,0.011336994426733539,93068.62
2026-01-19 16:00:00,10057.762666823874,9000.0,0.011336994426733539,93301.86
2026-01-19 17:00:00,10057.095257961972,9000.0,0.011336994426733539,93242.99
2026-01-19 18:00:00,10055.086909399275,9000.0,0.011336994426733539,93065.84
2026-01-19 19:00:00,10055.54050254629,9000.0,0.011336994426733539,93105.85
2026-01-19 20:00:00,10055.94965467515,9000.0,0.011336994426733539,93141.94
