symbol,name,type,active
FUN,FUN,crypto,True
MON,MON,crypto,True
APT,APT,crypto,True
VANRY,VANRY,crypto,True
CTSI,CTSI,crypto,True
SHELL,SHELL,crypto,True
DMC,DMC,crypto,True
MAVIA,MAVIA,crypto,True
W,W,crypto,True
IMU,IMU,crypto,True
CHILLGUY,CHILLGUY,crypto,True
EURCV,EURCV,crypto,True
MOCA,MOCA,crypto,True
ONDO,ONDO,crypto,True
AVAX,AVAX,crypto,True
IMX,IMX,crypto,True
BABY,BABY,crypto,True
IOST,IOST,crypto,True
HIGH,HIGH,crypto,True
USELESS,USELESS,crypto,True
SOL,SOL,crypto,True
AUCTION,AUCTION,crypto,True
MASK,MASK,crypto,True
RAD,RAD,crypto,True
BANANA,BANANA,crypto,True
SUI,SUI,crypto,True
LPT,LPT,crypto,True
ALICE,ALICE,crypto,True
RVN,RVN,crypto,True
TRIA,TRIA,crypto,True
CAT,CAT,crypto,True
ALMANAK,ALMANAK,crypto,True
PUNDIX,PUNDIX,crypto,True
ZK,ZK,crypto,True
SQD,SQD,crypto,True
CRV,CRV,crypto,True
ZKC,ZKC,crypto,True
PNUT,PNUT,crypto,True
PUMP,PUMP,crypto,True
SWELL,SWELL,crypto,True
DBR,DBR,crypto,True
TRB,TRB,crypto,True
LINK,LINK,crypto,True
HOME,HOME,crypto,True
POND,POND,crypto,True
SFP,SFP,crypto,True
HOOK,HOOK,crypto,True
REQ,REQ,crypto,True
TAIKO,TAIKO,crypto,True
EPIC,EPIC,crypto,True
FARTCOIN,FARTCOIN,crypto,True
ZBT,ZBT,crypto,True
XMN,XMN,crypto,True
ZORA,ZORA,crypto,True
DIA,DIA,crypto,True
API3,API3,crypto,True
ADA,ADA,crypto,True
TREE,TREE,crypto,True
RUNE,RUNE,crypto,True
EURC,EURC,crypto,True
ENJ,ENJ,crypto,True
NEWT,NEWT,crypto,True
METIS,METIS,crypto,True
RENDER,RENDER,crypto,True
ALT,ALT,crypto,True
SAND,SAND,crypto,True
DYDX,DYDX,crypto,True
IO,IO,crypto,True
CC,CC,crypto,True
DGB,DGB,crypto,True
MMT,MMT,crypto,True
IP,IP,crypto,True
NEIRO,NEIRO,crypto,True
RLC,RLC,crypto,True
PHA,PHA,crypto,True
ICNT,ICNT,crypto,True
HFT,HFT,crypto,True
USDC,USDC,crypto,True
IQ,IQ,crypto,True
QKC,QKC,crypto,True
ZIG,ZIG,crypto,True
RDNT,RDNT,crypto,True
TAI,TAI,crypto,True
XVG,XVG,crypto,True
XRP,XRP,crypto,True
BIO,BIO,crypto,True
QTUM,QTUM,crypto,True
ZKJ,ZKJ,crypto,True
CAKE,CAKE,crypto,True
BTC,BTC,crypto,True
RPL,RPL,crypto,True
DOT,DOT,crypto,True
PHB,PHB,crypto,True
SOLV,SOLV,crypto,True
ICP,ICP,crypto,True
GRT,GRT,crypto,True
REZ,REZ,crypto,True
BLUR,BLUR,crypto,True
RARE,RARE,crypto,True
MOVR,MOVR,crypto,True
CFG,CFG,crypto,True
JUP,JUP,crypto,True
PRIME,PRIME,crypto,True
POLS,POLS,crypto,True
DOGE,DOGE,crypto,True
BLAST,BLAST,crypto,True
GAS,GAS,crypto,True
MEME,MEME,crypto,True
DOGS,DOGS,crypto,True
UMA,UMA,crypto,True
KAIA,KAIA,crypto,True
CORE,CORE,crypto,True
COTI,COTI,crypto,True
ENS,ENS,crypto,True
SSV,SSV,crypto,True
MANTA,MANTA,crypto,True
TRAC,TRAC,crypto,True
KNC,KNC,crypto,True
TAO,TAO,crypto,True
PLUME,PLUME,crypto,True
IOTA,IOTA,crypto,True
LSK,LSK,crypto,True
SOSO,SOSO,crypto,True
INJ,INJ,crypto,True
ZKP,ZKP,crypto,True
TRUST,TRUST,crypto,True
0G,0G,crypto,True
YFI,YFI,crypto,True
ZIL,ZIL,crypto,True
GNO,GNO,crypto,True
BEL,BEL,crypto,True
BCH,BCH,crypto,True
HUMA,HUMA,crypto,True
WELL,WELL,crypto,True
SUSHI,SUSHI,crypto,True
LDO,LDO,crypto,True
VET,VET,crypto,True
CHR,CHR,crypto,True
MTL,MTL,crypto,True
FLOCK,FLOCK,crypto,True
ROSE,ROSE,crypto,True
PEPE,PEPE,crypto,True
MORPHO,MORPHO,crypto,True
WLFI,WLFI,crypto,True
ZEUS,ZEUS,crypto,True
MAGIC,MAGIC,crypto,True
PENGU,PENGU,crypto,True
LYX,LYX,crypto,True
GLM,GLM,crypto,True
HONEY,HONEY,crypto,True
PEOPLE,PEOPLE,crypto,True
TRU,TRU,crypto,True
ICX,ICX,crypto,True
BICO,BICO,crypto,True
OGN,OGN,crypto,True
UXLINK,UXLINK,crypto,True
BNB,BNB,crypto,True
PROM,PROM,crypto,True
ZRC,ZRC,crypto,True
FIDA,FIDA,crypto,True
CELR,CELR,crypto,True
GHST,GHST,crypto,True
AGLD,AGLD,crypto,True
FLUID,FLUID,crypto,True
GNS,GNS,crypto,True
EDEN,EDEN,crypto,True
FIL,FIL,crypto,True
RAY,RAY,crypto,True
KAVA,KAVA,crypto,True
SAFE,SAFE,crypto,True
GRASS,GRASS,crypto,True
XAI,XAI,crypto,True
BREV,BREV,crypto,True
SKL,SKL,crypto,True
CELO,CELO,crypto,True
ZAMA,ZAMA,crypto,True
AUDIO,AUDIO,crypto,True
KMNO,KMNO,crypto,True
CETUS,CETUS,crypto,True
SOMI,SOMI,crypto,True
TOMO,TOMO,crypto,True
FLUX,FLUX,crypto,True
NFP,NFP,crypto,True
SIGN,SIGN,crypto,True
HOT,HOT,crypto,True
LISTA,LISTA,crypto,True
SWEAT,SWEAT,crypto,True
MET,MET,crypto,True
POWR,POWR,crypto,True
TLM,TLM,crypto,True
TURBO,TURBO,crypto,True
PIXEL,PIXEL,crypto,True
OXT,OXT,crypto,True
ZEN,ZEN,crypto,True
THE,THE,crypto,True
TRX,TRX,crypto,True
TRUMP,TRUMP,crypto,True
SOON,SOON,crypto,True
HMSTR,HMSTR,crypto,True
ZBCN,ZBCN,crypto,True
PYR,PYR,crypto,True
BTT,BTT,crypto,True
USDCV,USDCV,crypto,True
CHZ,CHZ,crypto,True
PYTH,PYTH,crypto,True
XAN,XAN,crypto,True
KAS,KAS,crypto,True
DENT,DENT,crypto,True
COMP,COMP,crypto,True
LUMIA,LUMIA,crypto,True
ETHFI,ETHFI,crypto,True
EUL,EUL,crypto,True
VELO,VELO,crypto,True
ABT,ABT,crypto,True
ADX,ADX,crypto,True
ARPA,ARPA,crypto,True
YB,YB,crypto,True
SUPER,SUPER,crypto,True
IRYS,IRYS,crypto,True
AERO,AERO,crypto,True
XPL,XPL,crypto,True
MEW,MEW,crypto,True
JASMY,JASMY,crypto,True
PONKE,PONKE,crypto,True
DUSK,DUSK,crypto,True
FRAX,FRAX,crypto,True
LAYER,LAYER,crypto,True
BIGTIME,BIGTIME,crypto,True
INX,INX,crypto,True
BEAM,BEAM,crypto,True
HEI,HEI,crypto,True
VIRTUAL,VIRTUAL,crypto,True
WOO,WOO,crypto,True
STRK,STRK,crypto,True
2Z,2Z,crypto,True
ZRO,ZRO,crypto,True
CPOOL,CPOOL,crypto,True
HBAR,HBAR,crypto,True
KAITO,KAITO,crypto,True
WIF,WIF,crypto,True
BRETT,BRETT,crypto,True
ILV,ILV,crypto,True
LQTY,LQTY,crypto,True
NOM,NOM,crypto,True
BOME,BOME,crypto,True
AIOZ,AIOZ,crypto,True
AMP,AMP,crypto,True
MANA,MANA,crypto,True
EDGE,EDGE,crypto,True
AVA,AVA,crypto,True
SEI,SEI,crypto,True
EUROP,EUROP,crypto,True
BAT,BAT,crypto,True
MOODENG,MOODENG,crypto,True
DCR,DCR,crypto,True
IDEX,IDEX,crypto,True
LUNA,LUNA,crypto,True
ONG,ONG,crypto,True
MAV,MAV,crypto,True
AERGO,AERGO,crypto,True
ANIME,ANIME,crypto,True
ESP,ESP,crypto,True
EGLD,EGLD,crypto,True
XTZ,XTZ,crypto,True
ORCA,ORCA,crypto,True
XLM,XLM,crypto,True
THQ,THQ,crypto,True
AEVO,AEVO,crypto,True
FLOKI,FLOKI,crypto,True
MLN,MLN,crypto,True
SXT,SXT,crypto,True
ZETA,ZETA,crypto,True
KERNEL,KERNEL,crypto,True
PROMPT,PROMPT,crypto,True
SKY,SKY,crypto,True
OPEN,OPEN,crypto,True
ATA,ATA,crypto,True
FET,FET,crypto,True
EDU,EDU,crypto,True
ELSA,ELSA,crypto,True
TIA,TIA,crypto,True
AGI,AGI,crypto,True
NANO,NANO,crypto,True
ETH,ETH,crypto,True
CARV,CARV,crypto,True
ARKM,ARKM,crypto,True
POPCAT,POPCAT,crypto,True
NOS,NOS,crypto,True
VTHO,VTHO,crypto,True
POL,POL,crypto,True
BNT,BNT,crypto,True
COS,COS,crypto,True
FTT,FTT,crypto,True
WIN,WIN,crypto,True
AXL,AXL,crypto,True
CVC,CVC,crypto,True
LMWR,LMWR,crypto,True
FORM,FORM,crypto,True
LTC,LTC,crypto,True
AKT,AKT,crypto,True
NOT,NOT,crypto,True
STO,STO,crypto,True
ACE,ACE,crypto,True
SHIB,SHIB,crypto,True
A,A,crypto,True
XDC,XDC,crypto,True
ARB,ARB,crypto,True
PARTI,PARTI,crypto,True
GLMR,GLMR,crypto,True
ZRX,ZRX,crypto,True
NMR,NMR,crypto,True
LINEA,LINEA,crypto,True
NKN,NKN,crypto,True
RSR,RSR,crypto,True
COW,COW,crypto,True
TWT,TWT,crypto,True
SENT,SENT,crypto,True
SCR,SCR,crypto,True
ONT,ONT,crypto,True
BAND,BAND,crypto,True
ATOM,ATOM,crypto,True
CTC,CTC,crypto,True
ATH,ATH,crypto,True
PEAQ,PEAQ,crypto,True
PORTAL,PORTAL,crypto,True
JTO,JTO,crypto,True
XYO,XYO,crypto,True
D,D,crypto,True
LRC,LRC,crypto,True
ACH,ACH,crypto,True
YGG,YGG,crypto,True
WMTX,WMTX,crypto,True
DODO,DODO,crypto,True
SAPIEN,SAPIEN,crypto,True
DEEP,DEEP,crypto,True
GOAT,GOAT,crypto,True
SPK,SPK,crypto,True
NIL,NIL,crypto,True
DNT,DNT,crypto,True
IKA,IKA,crypto,True
PUFFER,PUFFER,crypto,True
PROVE,PROVE,crypto,True
NEAR,NEAR,crypto,True
ALGO,ALGO,crypto,True
TOWNS,TOWNS,crypto,True
F,F,crypto,True
RON,RON,crypto,True
AXS,AXS,crypto,True
G,G,crypto,True
STX,STX,crypto,True
WAXP,WAXP,crypto,True
SAGA,SAGA,crypto,True
MERL,MERL,crypto,True
MIRA,MIRA,crypto,True
UP,UP,crypto,True
DYM,DYM,crypto,True
BLZ,BLZ,crypto,True
APE,APE,crypto,True
ANKR,ANKR,crypto,True
KSM,KSM,crypto,True
SOPH,SOPH,crypto,True
PTB,PTB,crypto,True
SYRUP,SYRUP,crypto,True
QNT,QNT,crypto,True
BOB,BOB,crypto,True
ETC,ETC,crypto,True
CSPR,CSPR,crypto,True
TNSR,TNSR,crypto,True
FUEL,FUEL,crypto,True
ARK,ARK,crypto,True
INIT,INIT,crypto,True
VSN,VSN,crypto,True
1INCH,1INCH,crypto,True
CTK,CTK,crypto,True
ASTR,ASTR,crypto,True
PENDLE,PENDLE,crypto,True
TON,TON,crypto,True
EIGEN,EIGEN,crypto,True
STRAX,STRAX,crypto,True
FLR,FLR,crypto,True
UNI,UNI,crypto,True
AAVE,AAVE,crypto,True
ME,ME,crypto,True
WAL,WAL,crypto,True
NEO,NEO,crypto,True
GMT,GMT,crypto,True
VANA,VANA,crypto,True
NPC,NPC,crypto,True
LUNA2,LUNA2,crypto,True
SPX,SPX,crypto,True
SLP,SLP,crypto,True
GTC,GTC,crypto,True
TOSHI,TOSHI,crypto,True
WLD,WLD,crypto,True
OSMO,OSMO,crypto,True
C98,C98,crypto,True
ALPHA,ALPHA,crypto,True
ACT,ACT,crypto,True
HNT,HNT,crypto,True
RED,RED,crypto,True
KITE,KITE,crypto,True
MOG,MOG,crypto,True
AIXBT,AIXBT,crypto,True
MBOX,MBOX,crypto,True
CROSS,CROSS,crypto,True
CATI,CATI,crypto,True
MDT,MDT,crypto,True
OM,OM,crypto,True
DRIFT,DRIFT,crypto,True
DEGEN,DEGEN,crypto,True
ACU,ACU,crypto,True
FORTH,FORTH,crypto,True
GMX,GMX,crypto,True
MOVE,MOVE,crypto,True
S,S,crypto,True
AZTEC,AZTEC,crypto,True
WCT,WCT,crypto,True
GALA,GALA,crypto,True
HYPE,HYPE,crypto,True
CRO,CRO,crypto,True
SNX,SNX,crypto,True
ENA,ENA,crypto,True
T,T,crypto,True
BONK,BONK,crypto,True
SYN,SYN,crypto,True
CYBER,CYBER,crypto,True
CVX,CVX,crypto,True
OP,OP,crypto,True
ID,ID,crypto,True
HAEDAL,HAEDAL,crypto,True
XION,XION,crypto,True
U,U,crypto,True
GIGA,GIGA,crypto,True
ACX,ACX,crypto,True
STORJ,STORJ,crypto,True
AVNT,AVNT,crypto,True
RECALL,RECALL,crypto,True
