symbol,baseAsset,quoteAsset,status,type,precision_price,precision_amount,limits_min,limits_max
FUN/EUR,FUN,EUR,active,spot,1e-05,1e-05,150.79741,301594824.62605
MON/EUR,MON,EUR,active,spot,1e-06,0.0001,293.6182,587236477.583
APT/EUR,APT,EUR,active,spot,0.0001,1e-08,6.40582872,1281165744.48445
VANRY/EUR,VANRY,EUR,active,spot,1e-07,1e-08,1008.92719597,92233720368.54776
CTSI/EUR,CTSI,EUR,active,spot,1e-06,1e-08,227.80104369,45560208737.28836
SHELL/EUR,SHELL,EUR,active,spot,1e-06,0.0001,187.7022,375404325.827
DMC/EUR,DMC,EUR,active,spot,1e-07,0.001,5141.995,10283989553.713
MAVIA/EUR,MAVIA,EUR,active,spot,1e-06,1e-08,158.30197323,31660394645.131752
W/EUR,W,EUR,active,spot,1e-06,1e-06,292.962516,58592503135.51189
IMU/EUR,IMU,EUR,active,spot,1e-07,0.001,1399.873,2799745974.456
CHILLGUY/EUR,CHILLGUY,EUR,active,spot,1e-06,1e-08,546.06776884,92233720368.54776
EURCV/EUR,EURCV,EUR,active,spot,0.0001,1e-06,5.0,10000000.0
MOCA/EUR,MOCA,EUR,active,spot,1e-06,1e-08,347.55566816,69511133631.2046
ONDO/EUR,ONDO,EUR,active,spot,1e-05,1e-08,21.87563657,4375127313.434829
AVAX/EUR,AVAX,EUR,active,spot,0.001,1e-08,0.63056425,126112849.486171
IMX/EUR,IMX,EUR,active,spot,1e-05,1e-08,35.05207546,7010415092.095221
BABY/EUR,BABY,EUR,active,spot,1e-06,1e-08,425.45547322,85091094643.64429
IOST/EUR,IOST,EUR,active,spot,1e-07,0.0001,4709.3695,941873903614.3315
HIGH/EUR,HIGH,EUR,active,spot,1e-05,1e-08,37.60596197,7521192393.29541
USELESS/EUR,USELESS,EUR,active,spot,1e-05,1e-05,118.18146,236362925.93833
SOL/USDC,SOL,USDC,active,spot,0.01,1e-08,0.06064555,12129110.97285428
AUCTION/EUR,AUCTION,EUR,active,spot,0.0001,1e-08,1.12956143,225912285.03257215
MASK/EUR,MASK,EUR,active,spot,1e-05,1e-08,12.55093916,2510187832.648915
RAD/EUR,RAD,EUR,active,spot,1e-05,1e-08,23.86446179,4772892357.853571
BANANA/EUR,BANANA,EUR,active,spot,0.0001,1e-08,1.31346188,262692375.50432372
SUI/EUR,SUI,EUR,active,spot,0.0001,1e-08,6.03385812,1206771623.8144245
LPT/EUR,LPT,EUR,active,spot,0.0001,1e-08,2.41531835,483063670.04061925
ALICE/EUR,ALICE,EUR,active,spot,1e-05,1e-06,52.736037,10547207487.120022
RVN/EUR,RVN,EUR,active,spot,1e-07,0.0001,952.8595,190571903308.9083
TRIA/EUR,TRIA,EUR,active,spot,1e-06,0.0001,360.3434,720686714.2806
CAT/EUR,CAT,EUR,active,spot,1e-10,1.0,3195984.0,639196765299514.0
ALMANAK/EUR,ALMANAK,EUR,inactive,spot,1e-06,0.0001,78.125,156250000.0
PUNDIX/EUR,PUNDIX,EUR,active,spot,1e-05,1e-08,35.02765269,7005530537.449657
ZK/EUR,ZK,EUR,active,spot,1e-06,1e-08,278.65154702,55730309404.10716
SQD/EUR,SQD,EUR,active,spot,1e-06,1e-05,147.69159,295383188.57293
CRV/EUR,CRV,EUR,active,spot,1e-05,1e-08,23.95570457,4791140914.636339
ZKC/EUR,ZKC,EUR,active,spot,1e-05,1e-05,59.50845,119016908.3284
PNUT/EUR,PNUT,EUR,active,spot,1e-06,1e-06,118.721727,23744345369.4815
PUMP/EUR,PUMP,EUR,active,spot,1e-07,0.001,2879.626,5759251730.371
SWELL/EUR,SWELL,EUR,active,spot,1e-07,0.0001,4521.448,904289603693.3379
DBR/EUR,DBR,EUR,active,spot,1e-06,1e-08,374.16186765,74832373530.16748
TRB/EUR,TRB,EUR,active,spot,0.001,1e-08,0.37390484,74780968.80662392
LINK/EUR,LINK,EUR,active,spot,0.001,1e-08,0.6631996,132639919.09449825
HOME/EUR,HOME,EUR,active,spot,1e-06,0.0001,213.7353,427470512.9698
POND/EUR,POND,EUR,active,spot,1e-07,0.001,2337.808,467561560791.559
SFP/EUR,SFP,EUR,active,spot,1e-05,1e-08,21.96234382,4392468764.682973
HOOK/EUR,HOOK,EUR,active,spot,1e-06,1e-08,231.94812164,46389624327.76462
REQ/EUR,REQ,EUR,active,spot,1e-06,1e-08,79.06257257,15812514513.14584
TAIKO/EUR,TAIKO,EUR,active,spot,1e-05,1e-08,44.25165376,8850330751.24196
EPIC/EUR,EPIC,EUR,active,spot,1e-05,1e-08,20.20208893,4040417785.986973
FARTCOIN/EUR,FARTCOIN,EUR,active,spot,1e-05,1e-05,30.93167,61863333.19709
ZBT/EUR,ZBT,EUR,active,spot,1e-05,1e-05,79.07102,158142044.84438
XMN/EUR,XMN,EUR,active,spot,1e-06,0.0001,473.8081,947616163.0044
ZORA/EUR,ZORA,EUR,active,spot,1e-06,0.0001,272.2845,544569026.2808
DIA/EUR,DIA,EUR,active,spot,1e-05,1e-08,29.67073463,5934146925.161665
API3/EUR,API3,EUR,active,spot,1e-05,1e-08,18.22694659,3645389318.164567
ADA/EUR,ADA,EUR,active,spot,1e-05,1e-06,21.022824,4204564812.102021
TREE/EUR,TREE,EUR,active,spot,1e-05,1e-05,78.61479,157229577.61054
RUNE/EUR,RUNE,EUR,active,spot,1e-05,1e-08,14.37771953,2875543906.254324
EURC/EUR,EURC,EUR,active,spot,1e-05,1e-06,5.0,1000000000.0
ENJ/EUR,ENJ,EUR,active,spot,1e-06,1e-08,282.50742192,56501484384.96218
NEWT/EUR,NEWT,EUR,active,spot,1e-05,1e-05,79.15596,158311910.72389
METIS/EUR,METIS,EUR,active,spot,0.0001,1e-08,1.59418164,318836327.2421824
RENDER/EUR,RENDER,EUR,active,spot,0.0001,1e-08,4.01509743,803019485.7646904
ALT/EUR,ALT,EUR,active,spot,1e-06,0.001,696.542,139308429283.842
SAND/EUR,SAND,EUR,active,spot,1e-05,1e-08,67.58977807,13517955614.19963
DYDX/EUR,DYDX,EUR,active,spot,1e-05,1e-08,52.71105171,10542210341.038717
IO/EUR,IO,EUR,active,spot,1e-05,1e-08,52.96555563,10593111125.578358
CC/EUR,CC,EUR,active,spot,1e-05,1e-05,36.51808,73036169.92307
DGB/EUR,DGB,EUR,active,spot,1e-07,0.001,1445.034,289006839901.759
MMT/EUR,MMT,EUR,active,spot,1e-05,1e-05,43.78761,87575228.29516
IP/EUR,IP,EUR,active,spot,0.0001,1e-08,5.15057332,1030114663.1232175
NEIRO/EUR,NEIRO,EUR,active,spot,1e-08,0.01,77884.61,15576922982098.56
RLC/EUR,RLC,EUR,active,spot,1e-05,1e-08,13.57267543,2714535086.6809134
PHA/EUR,PHA,EUR,active,spot,1e-06,1e-08,233.79140688,46758281375.28754
ICNT/EUR,ICNT,EUR,active,spot,1e-05,1e-05,15.05621,30112426.12608
HFT/EUR,HFT,EUR,active,spot,1e-06,1e-08,334.27619297,66855238593.84716
USDC/EUR,USDC,EUR,active,spot,1e-05,1e-06,5.828416,1165683218.591249
IQ/EUR,IQ,EUR,active,spot,1e-07,0.001,4726.175,945235000979.812
QKC/EUR,QKC,EUR,active,spot,1e-07,0.001,1763.475,352695027550.713
ZIG/EUR,ZIG,EUR,active,spot,1e-06,0.0001,150.5341,301068197.9295
RDNT/EUR,RDNT,EUR,active,spot,1e-06,1e-08,1030.23263938,92233720368.54776
TAI/EUR,TAI,EUR,active,spot,1e-06,1e-08,399.94803683,79989607366.26086
XVG/EUR,XVG,EUR,active,spot,1e-07,1e-06,980.807939,196161587808.2221
XRP/USDC,XRP,USDC,active,spot,1e-05,1e-06,3.394778,678955626.714292
BIO/EUR,BIO,EUR,active,spot,1e-06,1e-08,236.94227641,47388455282.8118
QTUM/EUR,QTUM,EUR,active,spot,0.0001,1e-08,6.01231828,1202463655.8772001
ZKJ/EUR,ZKJ,EUR,active,spot,1e-06,1e-08,237.49318338,47498636675.1307
CAKE/EUR,CAKE,EUR,active,spot,0.0001,1e-08,4.52107554,904215108.9315006
BTC/EUR,BTC,EUR,active,spot,1.0,1e-08,8.576e-05,17152.75501762
RPL/EUR,RPL,EUR,active,spot,0.0001,1e-08,2.63306972,526613944.4307592
DOT/EUR,DOT,EUR,active,spot,0.0001,1e-08,4.25736362,851472724.7437681
PHB/EUR,PHB,EUR,active,spot,1e-05,1e-08,36.51722449,7303444898.018804
SOLV/EUR,SOLV,EUR,active,spot,1e-06,0.0001,1262.6648,2525329512.7286
ICP/EUR,ICP,EUR,active,spot,0.0001,1e-08,2.49282075,498564149.4352424
GRT/EUR,GRT,EUR,active,spot,1e-06,1e-08,216.19719418,43239438836.409454
REZ/EUR,REZ,EUR,active,spot,1e-07,1e-08,1870.98501934,92233720368.54776
BLUR/EUR,BLUR,EUR,active,spot,1e-06,1e-08,281.69719423,56339438845.08171
RARE/EUR,RARE,EUR,active,spot,1e-06,1e-08,298.88428886,59776857772.08543
MOVR/EUR,MOVR,EUR,active,spot,0.0001,1e-08,3.9984058,799681159.9244077
CFG/EUR,CFG,EUR,active,spot,1e-05,1e-08,67.68473455,13536946910.714293
JUP/EUR,JUP,EUR,active,spot,1e-05,0.001,36.513,7302531391.508
PRIME/EUR,PRIME,EUR,active,spot,1e-05,1e-08,12.23827809,2447655618.6972685
POLS/EUR,POLS,EUR,active,spot,1e-05,1e-08,94.39092216,18878184431.237396
SOL/EUR,SOL,EUR,active,spot,0.01,1e-08,0.07180813,14361625.73603332
DOGE/USDC,DOGE,USDC,active,spot,1e-05,1e-08,49.30236134,9860472267.438238
BLAST/EUR,BLAST,EUR,active,spot,1e-08,0.001,10441.27,2088253999073.2
GAS/EUR,GAS,EUR,active,spot,0.0001,1e-08,3.47794223,695588446.3980507
MEME/EUR,MEME,EUR,active,spot,1e-07,0.01,8499.92,1699984072254.23
DOGS/EUR,DOGS,EUR,active,spot,1e-09,0.01,204605.57,40921113518292.2
UMA/EUR,UMA,EUR,active,spot,1e-05,1e-08,11.67753231,2335506461.3724723
KAIA/EUR,KAIA,EUR,active,spot,1e-06,1e-08,105.10517309,21021034618.41098
CORE/EUR,CORE,EUR,active,spot,1e-05,1e-08,67.84177325,13568354649.649143
COTI/EUR,COTI,EUR,active,spot,1e-06,1e-08,474.99734427,92233720368.54776
ENS/EUR,ENS,EUR,active,spot,0.001,1e-08,0.87522901,175045802.1316261
SSV/EUR,SSV,EUR,active,spot,0.0001,1e-08,1.73231221,346462441.0662895
MANTA/EUR,MANTA,EUR,active,spot,1e-05,0.0001,77.4189,15483789353.1877
TRAC/EUR,TRAC,EUR,active,spot,1e-05,1e-08,18.15484997,3630969993.501851
KNC/EUR,KNC,EUR,active,spot,1e-05,1e-08,40.5585809,8111716179.185319
TAO/EUR,TAO,EUR,active,spot,0.01,1e-08,0.03077385,6154770.3783118
PLUME/EUR,PLUME,EUR,active,spot,1e-06,1e-08,555.07433941,92233720368.54776
IOTA/EUR,IOTA,EUR,active,spot,1e-05,1e-06,87.561927,17512385322.580032
LSK/EUR,LSK,EUR,active,spot,1e-05,1e-08,40.39066904,8078133807.2674265
SOSO/EUR,SOSO,EUR,active,spot,1e-05,1e-05,15.99579,31991583.23455
INJ/EUR,INJ,EUR,active,spot,0.0001,1e-08,1.87046057,374092113.220091
ZKP/EUR,ZKP,EUR,active,spot,1e-05,1e-05,58.95916,117918329.0169
TRUST/EUR,TRUST,EUR,active,spot,1e-05,1e-05,75.14299,150285973.10667
0G/EUR,0G,EUR,active,spot,0.0001,1e-05,9.07645,18152903.5357
YFI/EUR,YFI,EUR,active,spot,0.1,1e-08,0.00209727,419453.47346409
ZIL/EUR,ZIL,EUR,active,spot,1e-07,0.0001,1441.5667,288313338197.8713
GNO/EUR,GNO,EUR,active,spot,0.01,1e-08,0.04824335,9648669.75366578
BEL/EUR,BEL,EUR,active,spot,1e-05,1e-08,59.33608043,11867216085.10807
BCH/EUR,BCH,EUR,active,spot,0.01,1e-08,0.01074958,2149915.77704943
HUMA/EUR,HUMA,EUR,active,spot,1e-06,0.0001,397.3944,794788830.6303
WELL/EUR,WELL,EUR,active,spot,1e-07,1e-08,1342.57414385,92233720368.54776
SUSHI/EUR,SUSHI,EUR,active,spot,1e-05,1e-08,27.94114697,5588229394.180104
LDO/EUR,LDO,EUR,active,spot,1e-05,1e-08,17.60629661,3521259322.6481676
VET/EUR,VET,EUR,active,spot,1e-06,1e-08,737.44322594,92233720368.54776
CHR/EUR,CHR,EUR,active,spot,1e-06,1e-06,237.214892,47442978479.86733
MTL/EUR,MTL,EUR,active,spot,1e-05,1e-08,19.74292814,3948585628.424298
FLOCK/EUR,FLOCK,EUR,active,spot,1e-05,1e-05,94.85508,189710157.47891
ROSE/EUR,ROSE,EUR,active,spot,1e-06,1e-08,438.24756428,87649512856.76054
PEPE/USDC,PEPE,USDC,active,spot,1e-10,1.0,1158749.0,231749710312862.0
MORPHO/EUR,MORPHO,EUR,active,spot,0.0001,1e-08,4.07412908,814825816.8827102
WLFI/EUR,WLFI,EUR,active,spot,1e-05,1e-05,47.88724,95774476.86648
ZEUS/EUR,ZEUS,EUR,active,spot,1e-06,1e-08,731.48015484,92233720368.54776
MAGIC/EUR,MAGIC,EUR,active,spot,1e-06,1e-08,79.06230192,15812460383.910275
PENGU/EUR,PENGU,EUR,active,spot,1e-06,0.001,845.07,169013900898.434
LYX/EUR,LYX,EUR,active,spot,1e-05,1e-08,16.76279033,3352558065.73744
GLM/EUR,GLM,EUR,active,spot,1e-05,1e-08,32.83889422,6567778844.638122
HONEY/EUR,HONEY,EUR,active,spot,1e-06,1e-08,1489.86267731,92233720368.54776
PEOPLE/EUR,PEOPLE,EUR,active,spot,1e-07,1e-08,861.12218543,92233720368.54776
TRU/EUR,TRU,EUR,active,spot,1e-06,1e-08,944.47881298,92233720368.54776
ICX/EUR,ICX,EUR,active,spot,1e-06,1e-08,147.02564622,29405129243.875706
BICO/EUR,BICO,EUR,active,spot,1e-06,1e-08,236.40976407,47281952813.44479
OGN/EUR,OGN,EUR,active,spot,1e-06,1e-08,235.97133943,47194267885.293785
UXLINK/EUR,UXLINK,EUR,active,spot,1e-06,1e-08,1127.59260412,92233720368.54776
BNB/EUR,BNB,EUR,active,spot,0.01,1e-08,0.00951869,1903737.14546621
PROM/EUR,PROM,EUR,active,spot,0.0001,1e-08,4.22029698,844059396.4208994
ZRC/EUR,ZRC,EUR,active,spot,1e-07,1e-08,3363.51265242,92233720368.54776
FIDA/EUR,FIDA,EUR,active,spot,1e-06,1e-06,303.336588,60667317604.94439
CELR/EUR,CELR,EUR,active,spot,1e-07,0.001,2191.645,438328917089.499
GHST/EUR,GHST,EUR,active,spot,1e-05,1e-08,52.8512214,10570244279.356869
AGLD/EUR,AGLD,EUR,active,spot,1e-05,1e-08,26.2862161,5257243219.417985
FLUID/EUR,FLUID,EUR,active,spot,0.0001,1e-06,2.609187,5218373.087699
GNS/EUR,GNS,EUR,active,spot,0.0001,1e-08,7.245956,1449191200.5398693
EDEN/EUR,EDEN,EUR,active,spot,1e-06,0.0001,175.141,350281960.3835
FIL/EUR,FIL,EUR,active,spot,0.0001,1e-08,6.10781721,1221563441.1003962
RAY/EUR,RAY,EUR,active,spot,1e-05,0.0001,8.7529,1750578904.1896
KAVA/EUR,KAVA,EUR,active,spot,1e-05,0.001,109.827,21965453393.866
SAFE/EUR,SAFE,EUR,active,spot,1e-05,1e-08,52.58989398,10517978796.61722
GRASS/EUR,GRASS,EUR,active,spot,1e-05,1e-08,29.18157765,5836315529.827218
XAI/EUR,XAI,EUR,active,spot,1e-06,0.001,572.292,114458452562.343
BREV/EUR,BREV,EUR,active,spot,1e-05,1e-05,41.51386,83027717.52466
SKL/EUR,SKL,EUR,active,spot,1e-06,1e-08,861.32980268,92233720368.54776
CELO/EUR,CELO,EUR,active,spot,1e-05,1e-08,67.83537825,13567075649.825241
ZAMA/EUR,ZAMA,EUR,active,spot,1e-06,0.0001,307.6865,615372916.8614
AUDIO/EUR,AUDIO,EUR,active,spot,1e-06,1e-08,277.79034586,55558069172.36568
KMNO/EUR,KMNO,EUR,active,spot,1e-06,1e-08,203.76129461,40752258922.9785
CETUS/EUR,CETUS,EUR,active,spot,1e-06,1e-08,349.301461,69860292200.0334
SOMI/EUR,SOMI,EUR,active,spot,1e-05,1e-05,29.49559,58991183.396
TOMO/EUR,TOMO,EUR,active,spot,1e-06,1e-08,117.70673143,23541346285.61884
FLUX/EUR,FLUX,EUR,active,spot,1e-05,1e-08,87.53528717,17507057434.050903
NFP/EUR,NFP,EUR,active,spot,1e-06,1e-08,348.25750472,69651500943.87535
SIGN/EUR,SIGN,EUR,active,spot,1e-06,0.0001,217.5817,435163478.151
HOT/EUR,HOT,EUR,active,spot,1e-08,0.01,15039.4,3007880104455.25
LISTA/EUR,LISTA,EUR,active,spot,1e-05,1e-08,65.69708724,13139417448.344078
SWEAT/EUR,SWEAT,EUR,active,spot,1e-07,0.01,8674.57,1734913989585.26
MET/EUR,MET,EUR,active,spot,1e-05,1e-05,27.81651,55633016.116
POWR/EUR,POWR,EUR,active,spot,1e-06,1e-06,87.548922,17509784493.94744
TLM/EUR,TLM,EUR,active,spot,1e-07,0.0001,3449.1575,689831495603.8623
TURBO/EUR,TURBO,EUR,active,spot,1e-07,0.001,5412.086,1082417240179.702
PIXEL/EUR,PIXEL,EUR,active,spot,1e-06,1e-08,1092.17293079,92233720368.54776
OXT/EUR,OXT,EUR,active,spot,1e-06,1e-08,332.42583189,66485166377.665794
ZEN/EUR,ZEN,EUR,active,spot,0.0001,1e-08,0.95877052,191754103.65882713
THE/EUR,THE,EUR,active,spot,1e-05,1e-08,21.47006901,4294013802.8265405
TRX/EUR,TRX,EUR,active,spot,1e-05,1e-06,21.889026,4377805278.469545
TRUMP/EUR,TRUMP,EUR,active,spot,0.0001,1e-08,1.683867,336773399.0939636
SOON/EUR,SOON,EUR,active,spot,1e-05,1e-05,32.83146,65662917.74131
HMSTR/EUR,HMSTR,EUR,active,spot,1e-08,0.001,32913.101,6582620245323.04
ZBCN/EUR,ZBCN,EUR,active,spot,1e-07,0.001,2818.445,5636889972.433
PYR/EUR,PYR,EUR,active,spot,1e-05,1e-08,18.15508912,3631017824.1590643
BTT/EUR,BTT,EUR,active,spot,1e-11,1.0,17109770.0,3421953985515160.0
USDCV/USDC,USDCV,USDC,active,spot,0.0001,1e-06,5.0,10000000.0
CHZ/EUR,CHZ,EUR,active,spot,1e-06,1e-08,146.93753826,29387507652.029446
PYTH/EUR,PYTH,EUR,active,spot,1e-06,1e-06,105.142455,21028490904.591778
XAN/EUR,XAN,EUR,active,spot,1e-06,0.0001,730.8363,1461672577.6881
KAS/EUR,KAS,EUR,active,spot,1e-06,1e-08,186.6930115,37338602300.00033
DENT/EUR,DENT,EUR,active,spot,1e-08,0.01,41424.31,8284862743850.44
COMP/EUR,COMP,EUR,active,spot,0.001,1e-08,0.32291036,64582072.0881838
LUMIA/EUR,LUMIA,EUR,active,spot,1e-05,1e-08,89.37463574,17874927148.835194
ETHFI/EUR,ETHFI,EUR,active,spot,1e-05,1e-08,12.14626142,2429252283.003856
EUL/EUR,EUL,EUR,active,spot,0.0001,1e-06,6.209467,12418934.338851
VELO/EUR,VELO,EUR,active,spot,1e-07,0.0001,1621.9241,324384810062.8616
ABT/EUR,ABT,EUR,active,spot,1e-05,1e-08,33.91032055,6782064109.173463
ADX/EUR,ADX,EUR,active,spot,1e-06,1e-08,76.5143188,15302863760.746721
ARPA/EUR,ARPA,EUR,active,spot,1e-06,1e-08,587.12456546,92233720368.54776
YB/EUR,YB,EUR,active,spot,1e-05,1e-05,35.18969,70379372.68195
SUPER/EUR,SUPER,EUR,active,spot,1e-05,1e-08,44.3935094,8878701880.690405
IRYS/EUR,IRYS,EUR,active,spot,1e-06,0.0001,226.3132,452626455.1157
AERO/EUR,AERO,EUR,active,spot,1e-05,1e-08,18.77531343,3755062685.5927954
XPL/EUR,XPL,EUR,active,spot,1e-05,1e-05,59.08267,118165331.44593
MEW/EUR,MEW,EUR,active,spot,1e-07,0.001,9513.671,1902734254191.797
XRP/EUR,XRP,EUR,active,spot,1e-05,1e-06,3.982595,796518955.668694
JASMY/EUR,JASMY,EUR,active,spot,1e-07,0.001,1001.39,200278021743.946
PONKE/EUR,PONKE,EUR,active,spot,1e-06,1e-08,154.47550639,30895101278.48005
DOGE/EUR,DOGE,EUR,active,spot,1e-05,1e-08,59.20663114,11841326228.537596
DUSK/EUR,DUSK,EUR,active,spot,1e-06,1e-08,58.70721038,11741442076.242771
FRAX/EUR,FRAX,EUR,active,spot,1e-05,1e-05,8.47689,16953780.29509
LAYER/EUR,LAYER,EUR,active,spot,1e-05,1e-05,67.12013,134240263.77718
BIGTIME/EUR,BIGTIME,EUR,active,spot,1e-06,1e-08,394.03094238,78806188476.78052
INX/EUR,INX,EUR,active,spot,1e-06,0.0001,474.4733,948946690.9893
BEAM/EUR,BEAM,EUR,active,spot,1e-07,0.001,2531.396,506279210943.518
HEI/EUR,HEI,EUR,active,spot,1e-05,1e-08,67.84667262,13569334523.859251
VIRTUAL/EUR,VIRTUAL,EUR,active,spot,1e-05,1e-08,9.24616598,1849233195.1880195
WOO/EUR,WOO,EUR,active,spot,1e-06,1e-08,336.36556123,67273112246.16997
STRK/EUR,STRK,EUR,active,spot,1e-06,1e-08,118.15394397,23630788793.863106
2Z/EUR,2Z,EUR,active,spot,1e-05,1e-05,77.17631,154352610.78838
ZRO/EUR,ZRO,EUR,active,spot,0.0001,1e-08,3.81308896,762617791.9637237
CPOOL/EUR,CPOOL,EUR,active,spot,1e-06,1e-08,281.42859142,56285718283.608444
HBAR/EUR,HBAR,EUR,active,spot,1e-05,1e-08,58.63684517,11727369033.306782
KAITO/EUR,KAITO,EUR,active,spot,1e-05,1e-08,18.25465543,3650931085.0525856
WIF/EUR,WIF,EUR,active,spot,1e-05,1e-06,25.170431,5034086282.751314
BRETT/EUR,BRETT,EUR,active,spot,1e-06,1e-08,774.18946766,92233720368.54776
ILV/EUR,ILV,EUR,active,spot,0.0001,1e-08,1.47486781,294973561.43119687
LQTY/EUR,LQTY,EUR,active,spot,1e-05,1e-08,21.93439513,4386879026.85792
NOM/EUR,NOM,EUR,active,spot,1e-06,0.0001,1097.15,2194300009.1447
BOME/EUR,BOME,EUR,active,spot,1e-08,1e-06,13939.231138,2787846227693.4126
AIOZ/EUR,AIOZ,EUR,active,spot,1e-05,1e-08,78.10335431,15620670862.019573
AMP/EUR,AMP,EUR,active,spot,1e-07,0.001,3843.94,768788011389.476
MANA/EUR,MANA,EUR,active,spot,1e-05,1e-08,58.82376388,11764752775.273415
EDGE/EUR,EDGE,EUR,active,spot,1e-05,1e-05,59.31852,118637042.91849
AVA/EUR,AVA,EUR,active,spot,1e-05,1e-08,27.67427804,5534855607.622299
SEI/EUR,SEI,EUR,active,spot,1e-05,1e-08,79.10501231,15821002462.801266
EUROP/EUR,EUROP,EUR,active,spot,0.0001,1e-06,5.000425,1000000000.0
BAT/EUR,BAT,EUR,active,spot,1e-05,1e-08,43.7609499,8752189979.888046
MOODENG/EUR,MOODENG,EUR,active,spot,1e-06,1e-06,94.22178,18844355942.102642
DCR/EUR,DCR,EUR,active,spot,0.001,1e-08,0.25782552,51565104.4365979
IDEX/EUR,IDEX,EUR,active,spot,1e-06,1e-08,853.68518057,92233720368.54776
LUNA/EUR,LUNA,EUR,active,spot,1e-09,1e-06,169869.487913,9223372036854.775
ONG/EUR,ONG,EUR,active,spot,1e-06,1e-08,87.54604589,17509209177.583134
MAV/EUR,MAV,EUR,active,spot,1e-06,1e-08,360.04834286,72009668571.13661
AERGO/EUR,AERGO,EUR,active,spot,1e-06,1e-08,105.02859791,21005719581.46168
ANIME/EUR,ANIME,EUR,active,spot,1e-07,1e-08,1114.50818109,92233720368.54776
ESP/EUR,ESP,EUR,active,spot,1e-06,1e-05,75.25315,150506291.63439
EGLD/EUR,EGLD,EUR,active,spot,0.0001,1e-08,1.2430079,248601579.6013852
XTZ/EUR,XTZ,EUR,active,spot,1e-05,1e-06,15.0015,3000300030.003
PEPE/EUR,PEPE,EUR,active,spot,1e-10,1.0,1368017.0,273603364130657.0
EURC/USDC,EURC,USDC,active,spot,0.0001,1e-06,4.293873,8587745.287475
ORCA/EUR,ORCA,EUR,active,spot,0.0001,1e-08,4.43352243,886704486.8396561
XLM/EUR,XLM,EUR,active,spot,1e-05,1e-07,35.0271285,7005425702.206359
THQ/EUR,THQ,EUR,active,spot,1e-06,0.0001,203.5497,407099331.9724
AEVO/EUR,AEVO,EUR,active,spot,1e-06,1e-08,211.95664564,42391329128.32262
FLOKI/EUR,FLOKI,EUR,active,spot,1e-09,1.0,188390.0,37678095417912.0
MLN/EUR,MLN,EUR,active,spot,0.0001,1e-08,1.5976314,319526280.81652343
SXT/EUR,SXT,EUR,active,spot,1e-06,0.0001,271.4644,542928726.7067
ZETA/EUR,ZETA,EUR,active,spot,1e-06,0.0001,110.7056,22141111395.1221
KERNEL/EUR,KERNEL,EUR,active,spot,1e-06,1e-06,88.168708,17633741645.501312
PROMPT/EUR,PROMPT,EUR,active,spot,1e-06,0.0001,118.7313,237462518.5079
SKY/EUR,SKY,EUR,active,spot,1e-06,0.0001,90.7106,181421198.2056
OPEN/EUR,OPEN,EUR,active,spot,1e-05,1e-05,36.41262,72825243.53433
ATA/EUR,ATA,EUR,active,spot,1e-06,1e-08,462.98254327,92233720368.54776
FET/EUR,FET,EUR,active,spot,1e-05,1e-08,35.18143311,7036286621.639661
EDU/EUR,EDU,EUR,active,spot,1e-05,1e-08,43.84533131,8769066262.896765
ELSA/EUR,ELSA,EUR,active,spot,1e-05,1e-05,76.41459,152829189.03938
TIA/USDC,TIA,USDC,active,spot,1e-05,1e-08,14.52432527,2904865054.472764
AGI/EUR,AGI,EUR,active,spot,1e-06,1e-08,472.67573036,92233720368.54776
NANO/EUR,NANO,EUR,active,spot,1e-05,1e-06,10.739658,2147931629.798304
ETH/USDC,ETH,USDC,active,spot,0.01,1e-08,0.00254231,508462.57168616
CARV/EUR,CARV,EUR,active,spot,1e-05,1e-05,91.92599,183851979.33959
ARKM/EUR,ARKM,EUR,active,spot,1e-05,1e-08,47.94785943,9589571885.26246
POPCAT/EUR,POPCAT,EUR,active,spot,1e-06,1e-08,115.01637798,23003275595.134594
NOS/EUR,NOS,EUR,active,spot,1e-05,1e-08,33.04414071,6608828141.363046
VTHO/EUR,VTHO,EUR,active,spot,1e-08,0.001,9733.278,1946655572507.849
POL/EUR,POL,EUR,active,spot,1e-05,1e-08,52.88451165,10576902329.922354
BNT/EUR,BNT,EUR,active,spot,1e-05,1e-08,21.01485668,4202971335.7178626
COS/EUR,COS,EUR,active,spot,1e-07,1e-08,5470.79942643,92233720368.54776
FTT/EUR,FTT,EUR,active,spot,1e-05,1e-08,16.12994132,3225988264.1489053
WIN/EUR,WIN,EUR,active,spot,1e-09,1e-06,266619.905375,9223372036854.775
AXL/EUR,AXL,EUR,active,spot,1e-05,1e-08,94.6453498,18929069960.106777
CVC/EUR,CVC,EUR,active,spot,1e-06,1e-08,175.45778283,35091556566.11253
LMWR/EUR,LMWR,EUR,active,spot,1e-06,1e-08,202.60494305,40520988610.47925
FORM/EUR,FORM,EUR,active,spot,1e-05,1e-08,26.02999484,5205998968.81863
LTC/EUR,LTC,EUR,active,spot,0.001,1e-08,0.11071001,22142001.68001917
AKT/EUR,AKT,EUR,active,spot,1e-05,1e-08,17.56196192,3512392383.256034
NOT/EUR,NOT,EUR,active,spot,1e-08,0.001,15001.819,3000363710089.664
STO/EUR,STO,EUR,active,spot,1e-06,1e-05,106.45519,212910381.01351
ACE/EUR,ACE,EUR,active,spot,1e-05,1e-08,35.15218094,7030436187.190503
SHIB/EUR,SHIB,EUR,active,spot,1e-10,0.01,921660.11,184332022595786.16
A/EUR,A,EUR,active,spot,1e-05,0.0001,67.6034,135206796.2445
XDC/EUR,XDC,EUR,active,spot,1e-06,1e-08,157.80127418,31560254835.77093
ARB/EUR,ARB,EUR,active,spot,1e-05,1e-08,52.64094136,10528188271.077322
PARTI/EUR,PARTI,EUR,active,spot,1e-06,1e-08,58.3605952,11672119039.803154
GLMR/EUR,GLMR,EUR,active,spot,1e-06,1e-08,426.20079987,85240159973.95879
ZRX/EUR,ZRX,EUR,active,spot,1e-05,1e-08,52.75262351,10550524701.384832
NMR/EUR,NMR,EUR,active,spot,0.001,1e-08,0.70731075,141462149.18794107
LINEA/EUR,LINEA,EUR,active,spot,1e-07,0.0001,1619.5322,3239064302.2786
NKN/EUR,NKN,EUR,active,spot,1e-06,1e-08,947.35878368,92233720368.54776
RSR/EUR,RSR,EUR,active,spot,1e-07,0.0001,3976.5683,795313654375.4011
COW/EUR,COW,EUR,active,spot,1e-05,1e-08,27.82563512,5565127024.48137
TWT/EUR,TWT,EUR,active,spot,1e-05,1e-08,10.46734422,2093468844.4257684
SENT/EUR,SENT,EUR,active,spot,1e-06,0.0001,263.7018,527403592.137
SCR/EUR,SCR,EUR,active,spot,1e-06,1e-08,118.6702302,23734046040.929123
ONT/EUR,ONT,EUR,active,spot,1e-06,1e-08,117.16824562,23433649123.724323
BAND/EUR,BAND,EUR,active,spot,1e-05,1e-08,23.74269435,4748538870.934227
ATOM/EUR,ATOM,EUR,active,spot,0.0001,1e-06,2.362434,472486763.053065
CTC/EUR,CTC,EUR,active,spot,1e-05,1e-08,35.11184885,7022369770.138568
ATH/EUR,ATH,EUR,active,spot,1e-06,1e-08,1013.82260671,92233720368.54776
PEAQ/EUR,PEAQ,EUR,active,spot,1e-06,1e-08,346.72333069,69344666137.9552
USDCV/EUR,USDCV,EUR,active,spot,1e-05,1e-06,5.81395,11627906.977
PORTAL/EUR,PORTAL,EUR,active,spot,1e-06,1e-08,414.09661751,82819323501.20946
JTO/EUR,JTO,EUR,active,spot,1e-05,0.0001,18.7907,3758149537.4067
XYO/EUR,XYO,EUR,active,spot,1e-07,0.001,1333.094,266618803685.619
D/EUR,D,EUR,active,spot,1e-06,1e-08,765.16306204,92233720368.54776
LRC/EUR,LRC,EUR,active,spot,1e-06,1e-08,176.47626806,35295253612.127464
ACH/EUR,ACH,EUR,active,spot,1e-07,1e-08,766.2190191,92233720368.54776
YGG/EUR,YGG,EUR,active,spot,1e-06,1e-08,146.66322213,29332644426.846325
WMTX/EUR,WMTX,EUR,active,spot,1e-06,0.0001,75.0188,150037692.8105
DODO/EUR,DODO,EUR,active,spot,1e-06,1e-08,379.61187813,75922375626.92522
SAPIEN/EUR,SAPIEN,EUR,active,spot,1e-05,1e-05,67.63642,135272833.53397
DEEP/EUR,DEEP,EUR,active,spot,1e-06,1e-08,200.93718276,40187436551.42401
GOAT/EUR,GOAT,EUR,active,spot,1e-06,1e-06,236.316307,47263261445.159615
SPK/EUR,SPK,EUR,active,spot,1e-06,0.0001,271.3912,542782353.018
NIL/EUR,NIL,EUR,active,spot,1e-06,1e-08,105.12848985,21025697969.700573
DNT/EUR,DNT,EUR,active,spot,1e-06,1e-08,470.52866754,92233720368.54776
IKA/EUR,IKA,EUR,active,spot,1e-07,0.0001,1503.6253,3007250648.8182
PUFFER/EUR,PUFFER,EUR,active,spot,1e-06,1e-08,180.08642537,36017285074.00886
PROVE/EUR,PROVE,EUR,active,spot,1e-05,1e-05,17.58903,35178053.30831
NEAR/EUR,NEAR,EUR,active,spot,0.0001,1e-08,5.51540175,1103080350.6450872
ALGO/EUR,ALGO,EUR,active,spot,1e-05,1e-06,58.98075,11796149959.895227
SUI/USDC,SUI,USDC,active,spot,0.0001,1e-08,5.0894853,1017897060.2934434
TOWNS/EUR,TOWNS,EUR,active,spot,1e-07,0.0001,1588.9542,3177908320.3195
F/EUR,F,EUR,active,spot,1e-07,1e-08,949.37529746,92233720368.54776
RON/EUR,RON,EUR,active,spot,1e-05,1e-08,59.03277785,11806555569.377457
AXS/EUR,AXS,EUR,active,spot,0.0001,1e-08,4.4569378,891387559.8269244
G/EUR,G,EUR,active,spot,1e-07,1e-08,1511.64982871,92233720368.54776
STX/EUR,STX,EUR,active,spot,1e-05,1e-08,22.83507499,4567014997.174466
WAXP/EUR,WAXP,EUR,active,spot,1e-07,1e-08,853.65796812,92233720368.54776
SAGA/EUR,SAGA,EUR,active,spot,1e-06,1e-08,177.54178608,35508357215.88452
MERL/EUR,MERL,EUR,active,spot,1e-05,1e-08,94.32517795,18865035590.143223
MIRA/EUR,MIRA,EUR,active,spot,1e-05,1e-05,65.80664,131613274.31835
UP/EUR,UP,EUR,active,spot,1e-06,1e-05,188.65339,377306788.43039
DYM/EUR,DYM,EUR,active,spot,1e-06,1e-08,131.91496516,26382993031.967922
BLZ/EUR,BLZ,EUR,active,spot,1e-06,0.001,419.927,83985406489.78
APE/EUR,APE,EUR,active,spot,1e-05,1e-08,47.23221486,9446442971.442854
ANKR/EUR,ANKR,EUR,active,spot,1e-07,1e-08,1292.57685919,92233720368.54776
KSM/EUR,KSM,EUR,active,spot,0.0001,1e-08,1.26523727,253047453.48728588
SOPH/EUR,SOPH,EUR,active,spot,1e-06,0.0001,614.9161,1229832227.2714
PTB/EUR,PTB,EUR,active,spot,1e-07,0.001,4234.136,8468272878.54
SYRUP/EUR,SYRUP,EUR,active,spot,1e-05,1e-08,23.89464438,4778928876.783352
QNT/EUR,QNT,EUR,active,spot,0.001,1e-08,0.08762401,17524801.93508393
BOB/EUR,BOB,EUR,active,spot,1e-06,0.0001,857.9703,1715940523.8401
ETC/EUR,ETC,EUR,active,spot,0.001,1e-08,0.66230537,132461073.93823062
ADA/USDC,ADA,USDC,active,spot,1e-05,1e-06,17.246206,3449241221.078855
TIA/EUR,TIA,EUR,active,spot,1e-05,1e-08,16.96127176,3392254352.4037066
CSPR/EUR,CSPR,EUR,active,spot,1e-07,0.001,1690.178,338035635364.278
TNSR/EUR,TNSR,EUR,active,spot,1e-06,1e-08,113.62780953,22725561905.653267
FUEL/EUR,FUEL,EUR,active,spot,1e-07,0.001,4726.393,945278524762.338
ARK/EUR,ARK,EUR,active,spot,1e-05,1e-08,29.58287638,5916575275.695013
INIT/EUR,INIT,EUR,active,spot,1e-05,1e-05,52.72406,105448118.8268
VSN/EUR,VSN,EUR,active,spot,1e-06,0.0001,112.8886,225777291.3578
1INCH/EUR,1INCH,EUR,active,spot,1e-05,1e-08,59.33023467,11866046934.836266
CTK/EUR,CTK,EUR,active,spot,1e-05,1e-06,27.931028,5586205697.597879
ASTR/EUR,ASTR,EUR,active,spot,1e-06,1e-08,770.15434098,92233720368.54776
PENDLE/EUR,PENDLE,EUR,active,spot,0.0001,1e-08,4.86865925,973731850.811952
TON/EUR,TON,EUR,active,spot,0.0001,1e-08,3.99021976,798043952.7734667
EIGEN/EUR,EIGEN,EUR,active,spot,1e-05,1e-08,27.92001572,5584003143.23537
STRAX/EUR,STRAX,EUR,active,spot,1e-06,1e-08,377.68360147,75536720293.06235
FLR/EUR,FLR,EUR,active,spot,1e-06,1e-08,612.65850597,92233720368.54776
UNI/EUR,UNI,EUR,active,spot,0.0001,1e-08,1.63580045,327160090.6932265
AAVE/EUR,AAVE,EUR,active,spot,0.01,1e-08,0.04721212,9442424.81469241
ME/EUR,ME,EUR,active,spot,1e-05,1e-08,43.77126502,8754253003.929071
WAL/EUR,WAL,EUR,active,spot,1e-05,1e-08,67.77781584,13555563168.133905
NEO/EUR,NEO,EUR,active,spot,0.0001,1e-08,2.06315147,412630293.49541724
GMT/EUR,GMT,EUR,active,spot,1e-06,1e-08,474.93553503,92233720368.54776
VANA/EUR,VANA,EUR,active,spot,0.0001,1e-08,3.71190396,742380791.0621368
NPC/EUR,NPC,EUR,active,spot,1e-06,0.001,743.891,148778291925.105
LUNA2/EUR,LUNA2,EUR,active,spot,1e-06,1e-06,87.657378,17531475645.404205
SPX/EUR,SPX,EUR,active,spot,1e-05,1e-08,16.60259983,3320519966.9954925
SLP/EUR,SLP,EUR,active,spot,1e-08,0.0001,9046.812,1809362405996.5835
GTC/EUR,GTC,EUR,active,spot,1e-05,1e-08,59.36072318,11872144636.05865
TOSHI/EUR,TOSHI,EUR,active,spot,1e-08,0.01,27323.46,54646915284.7
WLD/EUR,WLD,EUR,active,spot,1e-05,1e-08,14.59872063,2919744126.398643
OSMO/EUR,OSMO,EUR,active,spot,1e-06,1e-06,155.964713,31192942600.479794
C98/EUR,C98,EUR,active,spot,1e-06,1e-08,199.09594236,39819188471.51988
ALPHA/EUR,ALPHA,EUR,active,spot,1e-07,1e-08,1676.25934475,92233720368.54776
ETH/EUR,ETH,EUR,active,spot,0.01,1e-08,0.00301347,602693.73966945
ACT/EUR,ACT,EUR,active,spot,1e-06,1e-06,394.862521,78972504226.12473
HNT/EUR,HNT,EUR,active,spot,0.0001,1e-08,3.79622382,759244763.0622685
RED/EUR,RED,EUR,active,spot,1e-05,1e-08,32.86641119,6573282237.019411
KITE/EUR,KITE,EUR,active,spot,1e-06,0.0001,24.5975,49195025.9716
MOG/EUR,MOG,EUR,active,spot,1e-11,1.0,34102921.0,6820584170538896.0
AIXBT/EUR,AIXBT,EUR,active,spot,1e-06,1e-08,281.70999874,56341999748.31831
MBOX/EUR,MBOX,EUR,active,spot,1e-06,1e-08,288.64978225,57729956449.93524
CROSS/EUR,CROSS,EUR,active,spot,1e-05,1e-05,58.39982,116799637.04069
CATI/EUR,CATI,EUR,active,spot,1e-06,1e-08,145.93901171,29187802341.80495
MDT/EUR,MDT,EUR,active,spot,1e-06,1e-08,567.09780548,92233720368.54776
OM/EUR,OM,EUR,active,spot,1e-06,1e-08,93.98365719,18796731438.061943
DRIFT/EUR,DRIFT,EUR,active,spot,1e-05,1e-08,65.70097967,13140195934.624489
DEGEN/EUR,DEGEN,EUR,active,spot,1e-07,0.001,8393.24,1678648076078.018
ACU/EUR,ACU,EUR,active,spot,1e-05,1e-05,53.74848,107496954.23894
FORTH/EUR,FORTH,EUR,active,spot,0.0001,1e-08,5.42816432,1085632863.869857
GMX/EUR,GMX,EUR,active,spot,0.0001,1e-08,0.90965897,181931793.67503703
MOVE/EUR,MOVE,EUR,active,spot,1e-06,1e-08,236.97057462,47394114923.93237
S/EUR,S,EUR,active,spot,1e-06,1e-08,118.7222523,23744450459.726994
AZTEC/EUR,AZTEC,EUR,active,spot,1e-06,1e-05,310.12519,620250383.36013
WCT/EUR,WCT,EUR,active,spot,1e-05,1e-06,94.719384,18943876893.049305
GALA/EUR,GALA,EUR,active,spot,1e-07,1e-08,1485.08042538,92233720368.54776
HYPE/EUR,HYPE,EUR,active,spot,0.001,1e-08,0.19894995,39789989.78874416
CRO/EUR,CRO,EUR,active,spot,1e-06,1e-08,75.07889509,15015779018.579187
SNX/EUR,SNX,EUR,active,spot,1e-05,1e-08,19.46441244,3892882487.816159
BTC/USDC,BTC,USDC,active,spot,1.0,1e-08,7.298e-05,14595.46344812
ENA/EUR,ENA,EUR,active,spot,1e-05,1e-08,47.97763333,9595526666.029417
T/EUR,T,EUR,active,spot,1e-06,1e-08,806.6447282,92233720368.54776
BONK/EUR,BONK,EUR,active,spot,1e-10,1.0,928506.0,185701106721020.0
SYN/EUR,SYN,EUR,active,spot,1e-06,1e-08,118.48356892,23696713783.98605
CYBER/EUR,CYBER,EUR,active,spot,1e-05,1e-08,8.92221734,1784443467.2138069
CVX/EUR,CVX,EUR,active,spot,0.0001,1e-08,2.75488472,550976944.7967521
OP/EUR,OP,EUR,active,spot,1e-05,1e-08,33.18771352,6637542704.589065
ID/EUR,ID,EUR,active,spot,1e-06,1e-08,117.9473404,23589468080.482723
HAEDAL/EUR,HAEDAL,EUR,active,spot,1e-06,1e-05,197.66392,395327843.53792
XION/EUR,XION,EUR,active,spot,1e-05,1e-05,40.82899,81657989.13551
U/EUR,U,EUR,active,spot,1e-07,0.0001,5226.1596,10452319225.4072
GIGA/EUR,GIGA,EUR,active,spot,1e-07,1e-08,2640.13799469,92233720368.54776
ACX/EUR,ACX,EUR,active,spot,1e-06,1e-08,158.12019373,31624038746.572716
STORJ/EUR,STORJ,EUR,active,spot,1e-05,1e-08,58.88244095,11776488189.513088
AVNT/EUR,AVNT,EUR,active,spot,1e-05,1e-05,29.39473,58789463.55279
RECALL/EUR,RECALL,EUR,active,spot,1e-06,1e-05,118.53878,237077564.86723
